"hds_vendor_id","organization_id","vnd_no","vnd_sort_key","vendor_name","address_id","contact_attention","phone_country_code","phone_no","formatted_phone_no","fax_country_code","fax_no","formatted_fax_no","your_account_no","tax_registration_no","a1099_indicator","steelcase_vendor","vnd_terms_code","last_purchase_date","notes","manufacturer_code","sfsi_vendor","sfsi_collateral","exclude_from_purge","system_vendor","nonvendor_vendor","multi_special_quote_numbers","transmit_check_stub_info","always_print_po","allow_change_po","contact_code","contact_type","contact_email","phone_extension","fax_extension","print_non_negotiable_label_on_autocash_checks","currency_code","include_in_info_inquiry","inactive","trade_vie_requires_suff","vendor_deposit_required","vendor_deposit_percent","workmen_comp_exp_date","liability_insurance_exp_date","w9_on_file","valdelia_status","product_category","vat_credit_on_payments","eu_declaration","objectkey","created_on","updated_on","process_id"
"336495","TANGRAM","FER30 ","FERMOBUSA ","FERMOB USA",794178,"LESLIE NORMAN","US","6782672026","+1 (678) 267-2026","  "," ",""," ","58-2519812",False,False," 2","2025-05-02 00:00:00"," ","        ",False,False,False,False,False,False,False,True,"N",NULL,NULL,"accounting@fermobusa.com","    ","    ",False,"USD",False,False,False,False,"0.00",NULL,NULL,False," ","     ",False,False,"TANGRAM-AP_VENDORS-FER30 ","2025-05-02 00:06:44.974371","2025-05-02 06:17:53.405155",NULL
"336499","TANGRAM","BUR05 ","BURCH     ","BURCH                         ",10242,"                         ","US","8008418111","+1 (800) 841-8111","US","6166980011","+1 (616) 698-0011","849059","38-0384980  ",False,False," 2","2025-04-29 00:00:00","Acct 849059","        ",False,False,False,False,False,False,False,False,"Y",NULL,NULL,"Burchfab@burchfabrics.com","    ","    ",False,"USD",True,False,False,False,"0.00",NULL,NULL,False,"N","     ",False,False,"TANGRAM-AP_VENDORS-BUR05 ","2025-05-02 00:06:44.974371","2025-05-02 07:04:10.73227",NULL
"336503","TANGRAM","COR27 ","CORPORATEM","CORPORATE MODULAR SERVICES INC",692243,"ISABEL QUINONES","US","8338217100","+1 (833) 821-7100","US","9498601827","+1 (949) 860-1827"," ","81-4434728",False,False," 2","2025-04-29 00:00:00"," ","        ",False,False,False,False,False,False,False,True,"N",NULL,NULL,"isabel@corpmodular.com","0020","    ",False,"USD",False,False,False,False,"0.00",NULL,NULL,False," ","     ",False,False,"TANGRAM-AP_VENDORS-COR27 ","2025-05-02 00:06:44.974371","2025-05-02 07:14:25.08613",NULL
"336504","TANGRAM","MAG30 ","MAGNUSONGR","MAGNUSON GROUP",13399,"ORDER DESK","US","6307838100","+1 (630) 783-8100","US","6307838181","+1 (630) 783-8181","","36-3261838",False,False," 2","2025-04-29 00:00:00","Price increase 7/1/15.  Discount: 50%
Pricers on line. FOB Woodbridge,IL pr 8% of list over $200 list. Disc.: 50% Rep.: Finelines

U: 1/17","MGO     ",False,False,False,False,False,False,False,False,"Y",NULL,NULL," ","    ","    ",False,"USD",False,False,False,False,"0.00",NULL,NULL,False,"N","     ",False,False,"TANGRAM-AP_VENDORS-MAG30 ","2025-05-02 00:06:44.974371","2025-05-02 07:14:25.08613",NULL
"336505","TANGRAM","WIE15 ","WIELAND   ","WIELAND",16593,"Nichole Short","US","4194464247","+1 (419) 446-4247","  ","","","               ","34-4407705",False,False," 2","2025-04-29 00:00:00","Net 30
","WIE     ",False,False,False,False,False,False,False,False,"Y",NULL,NULL,"nshort@saudermfg.com;accountsreceivable@saudermfg.com","    ","    ",False,"USD",False,False,False,False,"0.00",NULL,NULL,False,"N","     ",False,False,"TANGRAM-AP_VENDORS-WIE15 ","2025-05-02 00:06:44.974371","2025-05-02 07:14:25.08613",NULL
"336510","TANGRAM","HUM06 ","HUMANACTIV","HUMAN ACTIVE TECHNOLOGY LLC",926132,"BRANDY","US","6102539554","+1 (610) 253-9554","  ","","","","80-0947636",True,False," 2","2025-04-29 00:00:00","Net 30
","        ",False,False,False,False,False,False,False,True,"N",NULL,NULL,"ar@team-hat.com","378 ","    ",False,"USD",False,False,False,False,"0.00",NULL,NULL,False," ","     ",False,False,"TANGRAM-AP_VENDORS-HUM06 ","2025-05-02 00:06:44.974371","2025-05-02 07:35:02.12728",NULL
"336685","TANGRAM","KIM05 ","KIMBALLOFF","KIMBALL OFFICE INC",12975,"Krislyn Graber","US","8124828390","+1 (812) 482-8390","  ","","","               ","35-1688210",False,False," 2","2025-05-01 00:00:00","Net 30

","KIM     ",False,False,False,False,False,False,False,False,"Y",NULL,NULL,"krislyn.graber@kimballinternational.com","    ","    ",False,"USD",False,False,False,False,"0.00",NULL,NULL,False,"N","     ",False,False,"TANGRAM-AP_VENDORS-KIM05 ","2025-05-02 00:06:44.974371","2025-05-05 09:15:49.845937",NULL
"336518","TANGRAM","CDW05 ","CDWCOMPUTE","CDW COMPUTER CENTERS, INC",10491,"DAVE SEABAUGH","US","4802707396","+1 (480) 270-7396","  ","","","4063547","36-4530079",False,False," 2","2025-04-29 00:00:00","ACCT# 4063547","        ",False,False,False,False,False,False,False,False,"Y",NULL,NULL,"davesea@cdw.com","    ","    ",False,"USD",False,False,False,False,"0.00",NULL,NULL,False,"N","     ",False,False,"TANGRAM-AP_VENDORS-CDW05 ","2025-05-02 00:06:44.974371","2025-05-02 08:26:14.651173",NULL
"336520","TANGRAM","NIN05 ","9TO5SEATIN","9 TO 5 SEATING",14011,"","US","3102202500","+1 (310) 220-2500","US","8662000782","+1 (866) 200-0782","","95-3847827",False,False," 2","2025-04-29 00:00:00","Net 30 days","925     ",False,False,False,False,False,False,False,False,"Y",NULL,NULL,"accounting@9to5seating.com","    ","    ",False,"USD",True,False,False,False,"0.00",NULL,NULL,False,"N","     ",False,False,"TANGRAM-AP_VENDORS-NIN05 ","2025-05-02 00:06:44.974371","2025-05-02 08:26:14.651173",NULL
"336526","TANGRAM","ENW05 ","ENWORK    ","ENWORK",11515,"Heidi Morgensen","US","8008157251","+1 (800) 815-7251","US","6169879446","+1 (616) 987-9446"," ","20-4467006",False,False," 2","2025-04-30 00:00:00","Net 30
","ENW     ",False,False,False,False,False,False,False,True,"N",NULL,NULL,"hmorgensen@enwork.com;receivables@enwork.com","    ","    ",False,"USD",False,False,False,False,"0.00",NULL,NULL,False,"N","     ",False,False,"TANGRAM-AP_VENDORS-ENW05 ","2025-05-02 00:06:44.974371","2025-05-02 08:57:05.849788",NULL
"336648","TANGRAM","CLA50 ","CLARUSGLAS","CLARUS GLASSBOARDS LLC",10699,"Catherine Altamero","US","8175418110","+1 (817) 541-8110","US","6826265344","+1 (682) 626-5344"," ","26-4738270",True,False," 2","2025-04-30 00:00:00","Net 30
","        ",False,False,False,False,False,False,False,True,"N",NULL,NULL,"caltamero@clarus.com;ar@clarus.com","    ","    ",False,"USD",False,False,False,False,"0.00",NULL,NULL,False,"N","     ",False,False,"TANGRAM-AP_VENDORS-CLA50 ","2025-05-02 00:06:44.974371","2025-05-05 07:43:23.258747",NULL
"336525","TANGRAM","CAR10 ","CARNEGIEFA","CARNEGIE FABRICS, INC.        ",10406,"                         ","US","5166786770","+1 (516) 678-6770","US","5163073765","+1 (516) 307-3765","6273","13-5611235  ",False,False," 2","2025-04-29 00:00:00","SHIP UPS. Net pricing
Rep.: Parallel Group
ACCT 6273
C/L: $5750","        ",False,False,False,False,False,False,False,False,"Y",NULL,NULL," ","    ","    ",False,"USD",True,False,False,False,"0.00",NULL,NULL,False,"N","     ",False,False,"TANGRAM-AP_VENDORS-CAR10 ","2025-05-02 00:06:44.974371","2025-05-02 08:57:05.849788",NULL
"336528","TANGRAM","NEI05 ","NIENKAMPER","NIENKAMPER FURNITURE          ",13947,"Arlene Roszak","CA","4162985700","+1 416-298-5700","  ","","","TAN0422","            ",False,False," 2","2025-04-28 00:00:00","**DEPOSIT REQUIRED**
PRICING INCLUDES FREIGHT
DISCOUNT = 50/10 
Rep.: LGS Group
U:7/16","        ",False,False,False,False,False,False,False,False,"Y",NULL,NULL,"arlener@nienkamper.com","261 ","    ",False,"USD",True,False,False,True,"50.00",NULL,NULL,False,"N","     ",False,False,"TANGRAM-AP_VENDORS-NEI05 ","2025-05-02 00:06:44.974371","2025-05-02 09:07:23.00495",NULL
"336530","TANGRAM","SUP50 ","SUPERIORIN","SUPERIOR INSTALLATION, INC.",15849,"Jesus","US","8586886124","+1 (858) 688-6124","  ","",""," ","30-0811024",False,False,"19","2025-04-29 00:00:00"," ","        ",False,False,False,False,False,False,False,True,"N",NULL,NULL,"admin@superiorsd.com","    ","    ",False,"USD",False,False,False,False,"0.00",NULL,NULL,False,"N","     ",False,False,"TANGRAM-AP_VENDORS-SUP50 ","2025-05-02 00:06:44.974371","2025-05-02 09:37:58.72756",NULL
"336534","TANGRAM","MCM05 ","MCMASTERCA","MCMASTER-CARR SUPPLY CO.      ",13571,"MARYANN                  ","US","5626925911","+1 (562) 692-5911","US","5626952323","+1 (562) 695-2323"," ","36-1458720  ",False,False,"19","2025-04-29 00:00:00","STUDIO ACCT #143701200
TANGRAM ACCT #206187300 OR #137704300
","        ",False,False,False,False,False,False,False,False,"Y",NULL,NULL," ","    ","    ",False,"USD",False,False,False,False,"0.00",NULL,NULL,False,"N","     ",False,False,"TANGRAM-AP_VENDORS-MCM05 ","2025-05-02 00:06:44.974371","2025-05-02 09:53:23.890632",NULL
"336539","TANGRAM","MERR05","MERRILYNNR","MERRILYNN ROUNDY",13622," ","US","","","US","",""," "," ",False,False," 4","2025-02-25 00:00:00"," ","        ",False,False,False,False,False,False,False,True,"N",NULL,NULL," ","    ","    ",False,"USD",False,False,False,False,"0.00",NULL,NULL,False,"N","     ",False,False,"TANGRAM-AP_VENDORS-MERR05","2025-05-02 00:06:44.974371","2025-05-02 10:13:42.328921",NULL
"336542","TANGRAM","MOB15 ","MOBILEFLEE","MOBILE FLEET WASH",13763,"                         ","US","7142550790","+1 (714) 255-0790","US","7142550791","+1 (714) 255-0791"," ","33-0814389",False,False," 2","2025-04-29 00:00:00","                                                                                                                                                                                                        ","        ",False,False,False,False,False,False,False,False,"Y",NULL,NULL," ","    ","    ",False,"USD",False,False,False,False,"0.00",NULL,NULL,False,"N","     ",False,False,"TANGRAM-AP_VENDORS-MOB15 ","2025-05-02 00:06:44.974371","2025-05-02 10:23:52.689609",NULL
"336551","TANGRAM","BAR23 ","BARESQUEUS","BARESQUE USA LLC",9932,"DELPHINE DAVIES","US","2135965596","+1 (213) 596-5596","  ","",""," ","32-0478349",False,False," 2","2025-04-30 00:00:00"," ","        ",False,False,False,False,False,False,False,True,"N",NULL,NULL,"accountsrec@baresque.us","    ","    ",False,"USD",False,False,False,False,"0.00",NULL,NULL,False,"N","     ",False,False,"TANGRAM-AP_VENDORS-BAR23 ","2025-05-02 00:06:44.974371","2025-05-02 11:15:16.248091",NULL
"336623","TANGRAM","RIC55 ","RICHARDMAR","RICHARD MARTINEZ",1048986,"","  ","","","  ","","","","",False,False," 4","2025-04-30 00:00:00","","        ",False,False,False,False,False,False,False,True,"N",NULL,NULL,"","    ","    ",False,"USD",False,False,False,False,"0.00",NULL,NULL,False," ","     ",False,False,"TANGRAM-AP_VENDORS-RIC55 ","2025-05-02 00:06:44.974371","2025-05-05 04:17:32.664377",NULL
"336625","TANGRAM","PSON05","PSONNGUYEN","SON NGUYEN",14777," ","US","","","US","",""," "," ",False,False," 4","2025-05-04 00:00:00"," ","        ",False,False,False,False,False,False,False,True,"N",NULL,NULL," ","    ","    ",False,"USD",False,False,False,False,"0.00",NULL,NULL,False,"N","     ",False,False,"TANGRAM-AP_VENDORS-PSON05","2025-05-02 00:06:44.974371","2025-05-05 04:43:24.314649",NULL
"336628","TANGRAM","REE04 ","KELLIEREED","KELLIE REED",14946," ","US","","","US","",""," "," ",False,False," 4","2025-04-30 00:00:00"," ","        ",False,False,False,False,False,False,False,True,"N",NULL,NULL," ","    ","    ",False,"USD",False,False,False,False,"0.00",NULL,NULL,False,"N","     ",False,False,"TANGRAM-AP_VENDORS-REE04 ","2025-05-02 00:06:44.974371","2025-05-05 05:03:55.772291",NULL
"336543","TANGRAM","PAC18 ","PACIFICLAB","PACIFIC LABOR GROUP",14279,"SUSAN CIABATTONI","US","5629496001","+1 (562) 949-6001","US","5629496022","+1 (562) 949-6022","","90-0070869",False,False," 2","2025-04-30 00:00:00","","        ",False,False,False,False,False,False,False,False,"Y",NULL,NULL," ","    ","    ",False,"USD",False,False,False,False,"0.00",NULL,NULL,False,"N","     ",False,False,"TANGRAM-AP_VENDORS-PAC18 ","2025-05-02 00:06:44.974371","2025-05-02 10:23:52.689609",NULL
"336630","TANGRAM","EGA10 ","EGANVISUAL","EGAN VISUAL/WEST, INC.        ",11435,"MARY                     ","CA","8002632387","+1 800-263-2387","CA","","","370267","95-3983808  ",False,False,"25","2025-04-30 00:00:00","Price increase 7/20/15  .  Discount: 50/10. Freight prepaid over $1200 list, or $145 if less.  Rep.: Polito Associates, Bill Duche SFS, Tom Polito OC   
u.: 1/17
ACCT# 370267.","EGV     ",False,False,False,False,False,False,False,False,"N",NULL,NULL,"orders@egan.com","    ","    ",False,"USD",True,False,False,False,"0.00",NULL,NULL,False,"N","     ",False,False,"TANGRAM-AP_VENDORS-EGA10 ","2025-05-02 00:06:44.974371","2025-05-05 06:16:11.864255",NULL
"336547","TANGRAM","LYS02 ","SUSTAINABL","SUSTAINABLE OFFICE SYSTEMS LLC",13370,"Lisa Vergara","US","6619009925","+1 (661) 900-9925","  ","",""," ","47-1354803",True,False," 2","2025-04-30 00:00:00"," ","        ",False,False,False,False,False,False,False,True,"N",NULL,NULL,"sos@substainableofficesystems.com","    ","    ",False,"USD",False,False,False,False,"0.00",NULL,NULL,False,"N","     ",False,False,"TANGRAM-AP_VENDORS-LYS02 ","2025-05-02 00:06:44.974371","2025-05-02 10:54:41.226782",NULL
"336548","TANGRAM","PAC32 ","PACIFICCOA","PACIFIC COAST FURNITURE, LLC.",14289,"PAULA PALMER","US","8003666636","+1 (800) 366-6636","US","9168305660","+1 (916) 830-5660"," ","27-2367520",False,False," 2","2025-04-30 00:00:00","Shipping: As of 5/13/11, go to Fresno every Friday","        ",False,False,False,False,False,False,False,True,"N",NULL,NULL,"PPALMER@PFCDISTRIBUTORS.COM","3771","    ",False,"USD",False,False,False,False,"0.00",NULL,NULL,False,"N","     ",False,False,"TANGRAM-AP_VENDORS-PAC32 ","2025-05-02 00:06:44.974371","2025-05-02 10:54:41.226782",NULL
"336651","TANGRAM","HIG30 ","HIGHTOWER ","HIGHTOWER",12357,"","US","8162861051","+1 (816) 286-1051","US","2062603287","+1 (206) 260-3287","7839","52-2277203",False,False," 2","2025-05-01 00:00:00","Acct# 7839.  Discount: 50%
<100,000 NET 10, >100,000 50% dep & bal upon shipment
Rep.: Parallel Group","        ",False,False,False,False,False,False,False,True,"N",NULL,NULL,"receivables@hightoweraccess.com","    ","    ",False,"USD",True,False,False,False,"50.00",NULL,NULL,False,"N","     ",False,False,"TANGRAM-AP_VENDORS-HIG30 ","2025-05-02 00:06:44.974371","2025-05-05 07:43:23.258747",NULL
"336553","TANGRAM","CON23 ","CONCISEDES","CONCISE DESIGN SOLUTIONS",10829,"CATHY DEVAND","US","2088691570","+1 (208) 869-1570","US","2082862364","+1 (208) 286-2364"," ","82-0505885",False,False," 4","2025-05-01 00:00:00"," ","        ",False,False,False,False,False,False,False,True,"N",NULL,NULL,"DEVAND@CABLEONE.NET","    ","    ",False,"USD",False,False,False,False,"0.00",NULL,NULL,False,"N","     ",False,False,"TANGRAM-AP_VENDORS-CON23 ","2025-05-02 00:06:44.974371","2025-05-02 14:14:49.425735",NULL
"336558","TANGRAM","PQSC05","QSCLLC    ","QSC LLC",1061232,"SAMUEL SUAREZ DONQUIS","US","6576606203","+1 (657) 660-6203","  ","","","5215563","95-3412527",True,False," 2","2025-05-01 00:00:00","Credit Limit: 150k","        ",False,False,False,False,False,False,False,True,"N",NULL,NULL,"samuel.suarez@qsc.com","    ","    ",False,"USD",False,False,False,False,"0.00",NULL,NULL,False," ","     ",False,False,"TANGRAM-AP_VENDORS-PQSC05","2025-05-02 00:06:44.974371","2025-05-02 17:46:15.182926",NULL
"336559","TANGRAM","PBIA10","PBIAMPSYST","BIAMP SYSTEMS LLC",14402,"SUSAN CROUSE","US","5036417287","+1 (503) 641-7287","US","5036260281","+1 (503) 626-0281","PTEKCA","93-1264227",False,False," 2","2025-05-01 00:00:00"," ","        ",False,False,False,False,False,False,False,True,"Y",NULL,NULL,"AR@BIAMP.COM","    ","    ",False,"USD",False,False,False,False,"0.00",NULL,NULL,False,"N","     ",False,False,"TANGRAM-AP_VENDORS-PBIA10","2025-05-02 00:06:44.974371","2025-05-02 17:56:29.349337",NULL
"336563","TANGRAM","INT90 ","INTERIORWO","INTERIOR WORKPLACE SOLUTIONS  ",12654,"                         ","US","6103910733","+1 (610) 391-0733","US","6103911155","+1 (610) 391-1155","               ","23-2938293  ",False,False," 2","2025-04-17 00:00:00","                                                                                                                                                                                                        ","        ",False,False,False,False,False,False,False,False,"Y",NULL,NULL," ","    ","    ",False,"USD",False,False,False,False,"0.00",NULL,NULL,False,"N","     ",False,False,"TANGRAM-AP_VENDORS-INT90 ","2025-05-02 00:06:44.974371","2025-05-02 18:27:29.540992",NULL
"336566","TANGRAM","PCOM05","COMMUNICAT","COMMUNICATIONS SUPPLY CORP",1030147,"AR","  ","","","  ","","","P90670","06-0961848",False,False," 2","2025-05-01 00:00:00","","        ",False,False,False,False,False,False,False,True,"N",NULL,NULL,"ar_csc@anixter.com","    ","    ",False,"USD",False,False,False,False,"0.00",NULL,NULL,False," ","     ",False,False,"TANGRAM-AP_VENDORS-PCOM05","2025-05-02 00:06:44.974371","2025-05-02 18:37:53.010758",NULL
"336571","TANGRAM","SCE05 ","SOUTHERNCA","SO CAL EDISON COMPANY",15281,"                         ","US","7148355200","+1 (714) 835-5200","US","","","SEE NOTES","95-1240335  ",False,False," 4","2028-04-30 00:00:00","ACCT'S
2-21-201-4195
2-23-251-5320
","        ",False,False,False,False,False,False,False,False,"Y",NULL,NULL," ","    ","    ",False,"USD",False,False,False,False,"0.00",NULL,NULL,False,"N","     ",False,False,"TANGRAM-AP_VENDORS-SCE05 ","2025-05-02 00:06:44.974371","2025-05-02 20:36:16.459875",NULL
"336577","TANGRAM","STE21 ","STEELCASE ","STEELCASE TEXTILES            ",15732,"","  ","","","  ","","","1766088","            ",False,True,"46","2025-05-01 00:00:00","ACCT# 1766088
Price increase 5/16/11
NO FREIGHT ON THESE ORDERS.","STC     ",False,False,False,False,False,True,True,False,"N","2001","V"," ","    ","    ",True,"USD",True,False,False,False,"0.00",NULL,NULL,False,"N","     ",False,False,"TANGRAM-AP_VENDORS-STE21 ","2025-05-02 00:06:44.974371","2025-05-05 00:05:46.741966",NULL
"336579","TANGRAM","ARC25 ","ARCHITECTU","ARCHITECTURAL RESPONSE        ",9690,"                         ","US","7142417100","+1 (714) 241-7100","US","7142417600","+1 (714) 241-7600","NONE LISTED","33-0395349  ",False,False," 2","2025-05-05 00:00:00","Disc.: 50/10, will call
Rep: Contract Connection

50% Deposit, Net 30
","        ",False,False,False,False,False,False,False,False,"Y",NULL,NULL," ","    ","    ",False,"USD",True,False,False,True,"50.00",NULL,NULL,False,"N","     ",False,False,"TANGRAM-AP_VENDORS-ARC25 ","2025-05-02 00:06:44.974371","2025-05-05 00:26:23.952759",NULL
"336581","TANGRAM","VAL08 ","VALENTINEI","VALENTINE INDUSTRIES INC",16320,"Diana Angeles","US","7149012594","+1 (714) 901-2594","US","7149011106","+1 (714) 901-1106","NONE LISTED","33-0726068  ",False,False," 2","2025-05-05 00:00:00","Net 30
","        ",False,False,False,False,False,False,False,False,"Y",NULL,NULL,"accounting@valentineinds.com","    ","    ",False,"USD",True,False,False,True,"50.00",NULL,NULL,False,"N","     ",False,False,"TANGRAM-AP_VENDORS-VAL08 ","2025-05-02 00:06:44.974371","2025-05-05 00:36:37.392907",NULL
"336587","TANGRAM","CHA111","CHANTELREE","CHANTEL REEDUS",942033,"","  ","","","  ","","","","",False,False," 4","2025-04-30 00:00:00","","        ",False,False,False,False,False,False,False,True,"N",NULL,NULL,"","    ","    ",False,"USD",False,False,False,False,"0.00",NULL,NULL,False," ","     ",False,False,"TANGRAM-AP_VENDORS-CHA111","2025-05-02 00:06:44.974371","2025-05-05 01:53:42.894618",NULL
"336591","TANGRAM","CYN111","CYNTHIAHAY","CYNTHIA HAYNES",823525," ","  "," ","","  "," ",""," "," ",False,False," 4","2025-04-30 00:00:00"," ","        ",False,False,False,False,False,False,False,True,"N",NULL,NULL," ","    ","    ",False,"USD",False,False,False,False,"0.00",NULL,NULL,False," ","     ",False,False,"TANGRAM-AP_VENDORS-CYN111","2025-05-02 00:06:44.974371","2025-05-05 02:03:54.256313",NULL
"336592","TANGRAM","PRYA05","RYANADAMS ","RYAN ADAMS",1036925,"","  ","","","  ","","","","",False,False," 4","2025-04-30 00:00:00","","        ",False,False,False,False,False,False,False,True,"N",NULL,NULL,"","    ","    ",False,"USD",False,False,False,False,"0.00",NULL,NULL,False," ","     ",False,False,"TANGRAM-AP_VENDORS-PRYA05","2025-05-02 00:06:44.974371","2025-05-05 02:03:54.256313",NULL
"336593","TANGRAM","PVOL05","PVOLTAIREV","VOLTAIRE VILLACRUZADA",528605," ","  "," ","","  "," ",""," ","605-26-9928",False,False," 4","2025-02-28 00:00:00"," ","        ",False,False,False,False,False,False,False,True,"N",NULL,NULL," ","    ","    ",False,"USD",False,False,False,False,"0.00",NULL,NULL,False," ","     ",False,False,"TANGRAM-AP_VENDORS-PVOL05","2025-05-02 00:06:44.974371","2025-05-05 02:03:54.256313",NULL
"336618","TANGRAM","CAS75 ","CASSIDYBRI","CASSIDY BRIGGS",662896," ","  "," ","","  "," ",""," "," ",False,False," 4","2025-04-30 00:00:00"," ","        ",False,False,False,False,False,False,False,True,"N",NULL,NULL," ","    ","    ",False,"USD",False,False,False,False,"0.00",NULL,NULL,False," ","     ",False,False,"TANGRAM-AP_VENDORS-CAS75 ","2025-05-02 00:06:44.974371","2025-05-05 03:56:55.622385",NULL
"336598","TANGRAM","CRA28 ","CRATEBARRE","CRATE & BARREL",10954,"KAREN GOLDBERG","US","3127875900","+1 (312) 787-5900","US","3127873356","+1 (312) 787-3356"," ","36-2492854",False,False," 2","2025-05-05 00:00:00"," ","        ",False,False,False,False,False,False,False,True,"N",NULL,NULL,"KGOLDBERG@CRATEANDBARREL.COM","    ","    ",False,"USD",False,False,False,True,"100.00",NULL,NULL,False,"N","     ",False,False,"TANGRAM-AP_VENDORS-CRA28 ","2025-05-02 00:06:44.974371","2025-05-05 02:55:14.264263",NULL
"336600","TANGRAM","PAU35 ","PAULGONZAL","PAUL GONZALEZ",643427," ","  "," ","","  "," ",""," "," ",False,False," 4","2025-04-30 00:00:00"," ","        ",False,False,False,False,False,False,False,True,"N",NULL,NULL," ","    ","    ",False,"USD",False,False,False,False,"0.00",NULL,NULL,False," ","     ",False,False,"TANGRAM-AP_VENDORS-PAU35 ","2025-05-02 00:06:44.974371","2025-05-05 02:55:14.264263",NULL
"336604","TANGRAM","JAC50 ","JACOBHUGH ","JACOB HUGHEY",1057563,"","  ","","","  ","","","","",False,False," 4","2025-04-29 00:00:00","","        ",False,False,False,False,False,False,False,True,"N",NULL,NULL,"","    ","    ",False,"USD",False,False,False,False,"0.00",NULL,NULL,False," ","     ",False,False,"TANGRAM-AP_VENDORS-JAC50 ","2025-05-02 00:06:44.974371","2025-05-05 03:15:44.578927",NULL
"336607","TANGRAM","HAN15 ","SHANNONHAN","SHANNON HANIFAN",12237,"","US","","","US","","","","",False,False," 4","2025-04-30 00:00:00","","        ",False,False,False,False,False,False,False,False,"Y",NULL,NULL," ","    ","    ",False,"USD",False,False,False,False,"0.00",NULL,NULL,False,"N","     ",False,False,"TANGRAM-AP_VENDORS-HAN15 ","2025-05-02 00:06:44.974371","2025-05-05 03:26:01.8441",NULL
"336608","TANGRAM","JEN45 ","JENNIFERW ","JENNIFER WEBBER",841571," ","  "," ","","  "," ",""," "," ",False,False," 4","2025-04-30 00:00:00"," ","        ",False,False,False,False,False,False,False,True,"N",NULL,NULL," ","    ","    ",False,"USD",False,False,False,False,"0.00",NULL,NULL,False," ","     ",False,False,"TANGRAM-AP_VENDORS-JEN45 ","2025-05-02 00:06:44.974371","2025-05-05 03:26:01.8441",NULL
"336619","TANGRAM","ERI35 ","ERIKCHACON","ERIK CHACON",1043324,"","  ","","","  ","","","","",False,False," 4","2025-04-30 00:00:00","","        ",False,False,False,False,False,False,False,True,"N",NULL,NULL,"","    ","    ",False,"USD",False,False,False,False,"0.00",NULL,NULL,False," ","     ",False,False,"TANGRAM-AP_VENDORS-ERI35 ","2025-05-02 00:06:44.974371","2025-05-05 03:56:55.622385",NULL
"336632","TANGRAM","CLA20 ","CLARIDGEPR","CLARIDGE PRODUCTS INC.        ",10691,"                         ","US","5103518183","+1 (510) 351-8183","US","5103518241","+1 (510) 351-8241","               ","71-0302078  ",False,False," 2","2025-04-30 00:00:00","7% price increase 7/1/08.  Discount: 50/20.  Freight free over $750 net.
Rep.: John DeWitte, B3W, for SFS & OC","        ",False,False,False,False,False,False,False,False,"Y",NULL,NULL," ","    ","    ",False,"USD",False,False,False,False,"0.00",NULL,NULL,False,"N","     ",False,False,"TANGRAM-AP_VENDORS-CLA20 ","2025-05-02 00:06:44.974371","2025-05-05 06:36:47.216093",NULL
"336616","TANGRAM","GON25 ","MARTYGONZA","MARTY GONZALES",12091,"","US","","","US","","","","",False,False,"  ","2025-04-30 00:00:00","","        ",False,False,False,False,False,False,False,True,"N",NULL,NULL,"","    ","    ",False,"USD",False,False,False,False,"0.00",NULL,NULL,False,"N","     ",False,False,"TANGRAM-AP_VENDORS-GON25 ","2025-05-02 00:06:44.974371","2025-05-05 03:46:23.364384",NULL
"336615","TANGRAM","GIL15 ","GILBERTMOR","GILBERT MORALES",12020,"Gilbert Morales","  ","","","  ","",""," "," ",False,False,"  ","2025-05-01 00:00:00"," ","        ",False,False,False,False,False,False,False,True,"N",NULL,NULL,"gmorales@tangraminteriors.com","    ","    ",False,"USD",False,False,False,False,"0.00",NULL,NULL,False,"N","     ",False,False,"TANGRAM-AP_VENDORS-GIL15 ","2025-05-02 00:06:44.974371","2025-05-05 03:46:23.364384",NULL
"336617","TANGRAM","RAU111","RAULBRAVO ","RAUL BRAVO",828642," ","  "," ","","  "," ",""," "," ",False,False," 4","2025-04-30 00:00:00"," ","        ",False,False,False,False,False,False,False,True,"N",NULL,NULL," ","    ","    ",False,"USD",False,False,False,False,"0.00",NULL,NULL,False," ","     ",False,False,"TANGRAM-AP_VENDORS-RAU111","2025-05-02 00:06:44.974371","2025-05-05 03:46:23.364384",NULL
"336634","TANGRAM","ENC10 ","ENCORESEAT","ENCORE SEATING",11494,"                         ","US","5629261969","+1 (562) 926-1969","US","5228115","+1 5228115","TANIC","33-0822878  ",False,False," 2","2025-04-29 00:00:00","Discount:  50/20.
Rep. Rorden
Price increase 6/15/16 - No set percent - all pricing on line.


","ENC     ",False,False,False,False,False,False,False,False,"Y",NULL,NULL," ","    ","    ",False,"USD",True,False,False,False,"0.00",NULL,NULL,False,"N","     ",False,False,"TANGRAM-AP_VENDORS-ENC10 ","2025-05-02 00:06:44.974371","2025-05-05 06:47:01.0293",NULL
"336638","TANGRAM","ULI05 ","ULINEINC  ","ULINE, INC.                   ",16202,"ELIZABETH                ","US","8009585463","+1 (800) 958-5463","US","7082955571","+1 (708) 295-5571","2588253","36-3684738",False,False," 2","2025-04-30 00:00:00","ACCT 2588253","        ",False,False,False,False,False,False,False,False,"Y",NULL,NULL," ","    ","    ",False,"USD",False,False,False,False,"0.00",NULL,NULL,False,"N","     ",False,False,"TANGRAM-AP_VENDORS-ULI05 ","2025-05-02 00:06:44.974371","2025-05-05 07:07:30.432627",NULL
"336668","TANGRAM","GEN70 ","GENERALOFF","GENERAL OFFICES INSTALLATION",679722,"JUAN VALERIO","US","8055121226","+1 (805) 512-1226","  "," ",""," ","82-1489248",False,False,"19","2025-05-01 00:00:00"," ","        ",False,False,False,False,False,False,False,True,"N",NULL,NULL,"generalofficesinstallation@yahoo.com","    ","    ",False,"USD",False,False,False,False,"0.00",NULL,NULL,False," ","     ",False,False,"TANGRAM-AP_VENDORS-GEN70 ","2025-05-02 00:06:44.974371","2025-05-05 08:24:21.453203",NULL
"336642","TANGRAM","PAL20 ","PALLASTEXT","PALLAS TEXTILES DIVISION      ",14323,"WENDY STAUBER","US","9204682660","+1 (920) 468-2660","US","9204682661","+1 (920) 468-2661","12181","39-1375589  ",False,False," 2","2025-04-30 00:00:00","5/15/99 PRICE INCREASE. FREIGHT INCLUDED

ACCT 12181","        ",False,False,False,False,False,False,False,False,"Y",NULL,NULL,"wendy.stauber@ki.com","    ","    ",False,"USD",True,False,False,False,"0.00",NULL,NULL,False,"N","     ",False,False,"TANGRAM-AP_VENDORS-PAL20 ","2025-05-02 00:06:44.974371","2025-05-05 07:28:07.286294",NULL
"336650","TANGRAM","EAG086","EAGLEGROUP","EAGLE GROUP",829567,"TAMMY McLAUGHLIN","US","3026533063","+1 (302) 653-3063","US","3026532065","+1 (302) 653-2065"," ","51-0393544",False,False," 2","2025-04-30 00:00:00"," ","        ",False,False,False,False,False,False,False,True,"N",NULL,NULL,"ar@eaglegrp.com","    ","    ",False,"USD",False,False,False,False,"0.00",NULL,NULL,False," ","     ",False,False,"TANGRAM-AP_VENDORS-EAG086","2025-05-02 00:06:44.974371","2025-05-05 07:43:23.258747",NULL
"336654","TANGRAM","BLU35 ","BLUDOTDESI","BLU DOT DESIGN & MANUFACTURING",10103,"Matheus Pires","US","6127821844","+1 (612) 782-1844","US","6127821845","+1 (612) 782-1845","SCTANGRA47","41-1860158",False,True," 2","2025-04-30 00:00:00","Net 30
","BD1     ",False,False,False,False,False,True,False,True,"N",NULL,NULL,"mpires@bludot.com","    ","    ",False,"USD",False,False,False,True,"50.00",NULL,NULL,False,"N","     ",False,False,"TANGRAM-AP_VENDORS-BLU35 ","2025-05-02 00:06:44.974371","2025-05-05 07:53:35.702104",NULL
"336657","TANGRAM","SIX05 ","SIXINCHWIE","WIELAND DESIGNS INC",15480,"CUSTOMER SERVICE TEAM","US","8555772417","+1 (855) 577-2417","US","5745341089","+1 (574) 534-1089"," ","35-1376321",False,False," 2","2025-04-30 00:00:00","50% Dep, Bal Net 30
Rep.: Contract Connection
Disc.: 50/10, call for freight quote.","        ",False,False,False,False,False,False,False,True,"N",NULL,NULL,"support@sixinch.us","    ","    ",False,"USD",False,False,False,False,"0.00",NULL,NULL,False,"N","     ",False,False,"TANGRAM-AP_VENDORS-SIX05 ","2025-05-02 00:06:44.974371","2025-05-05 07:53:35.702104",NULL
"336659","TANGRAM","ARL354","ARLINGTONF","ARLINGTON FURN INSTALLATION",818370,"MACIAS","  "," ","","  "," ",""," ","82-1864758",True,False," 2","2025-05-01 00:00:00"," ","        ",False,False,False,False,False,False,False,True,"N",NULL,NULL,"maciasfurniture06@hotmail.com","    ","    ",False,"USD",False,False,False,False,"0.00",NULL,NULL,False," ","     ",False,False,"TANGRAM-AP_VENDORS-ARL354","2025-05-02 00:06:44.974371","2025-05-05 08:03:52.929132",NULL
"336660","TANGRAM","BUS30 ","BUSINESSIN","BUSINESS INTERIORS-IRVING     ",10266,"DEBBIE LAPHAM","US","8178582000","+1 (817) 858-2000","US","8178582072","+1 (817) 858-2072","012400","75-2253859  ",False,False," 2","2025-04-30 00:00:00","ACCT 012400","        ",False,False,False,False,False,False,False,False,"Y",NULL,NULL," ","    ","    ",False,"USD",False,False,False,False,"0.00",NULL,NULL,False,"N","     ",False,False,"TANGRAM-AP_VENDORS-BUS30 ","2025-05-02 00:06:44.974371","2025-05-05 08:03:52.929132",NULL
"336662","TANGRAM","STA220","STAFFFORCE","STAFF FORCE INC",818558,"B MARTINEZ","  "," ","","  "," ",""," ","76-0294577",False,False," 4","2025-04-27 00:00:00"," ","        ",False,False,False,False,False,False,False,True,"N",NULL,NULL,"bmartinez@staff-force.com","    ","    ",False,"USD",False,False,False,False,"0.00",NULL,NULL,False," ","     ",False,False,"TANGRAM-AP_VENDORS-STA220","2025-05-02 00:06:44.974371","2025-05-05 08:03:52.929132",NULL
"336669","TANGRAM","JAS15 ","JASPERGROU","JASPER GROUP",12742,"BECKIE KNUST","US","8124823204","+1 (812) 482-3204","US","8127714600","+1 (812) 771-4600"," ","35-0420370",False,False," 2","2025-05-01 00:00:00","Now includes Jofco.
Rep.: Polito Associates
","JSC     ",False,False,False,False,False,False,False,True,"N",NULL,NULL,"BKNUST@JASPERGROUP.US.COM","    ","    ",False,"USD",False,False,False,False,"0.00",NULL,NULL,False,"N","     ",False,False,"TANGRAM-AP_VENDORS-JAS15 ","2025-05-02 00:06:44.974371","2025-05-05 08:24:21.453203",NULL
"336671","TANGRAM","STU40 ","STUDIOTK  ","TEKNION LLC DBA STUDIO TK",542819,"ZAMEEDA BASEDO","US","4166611577","+1 (416) 661-1577","  "," ",""," ","22-3785040",False,False," 2","2025-05-01 00:00:00"," ","        ",False,False,False,False,False,False,False,True,"N",NULL,NULL,"zameeda.basdeo@teknion.com","2330","    ",False,"USD",False,False,False,False,"0.00",NULL,NULL,False," ","     ",False,False,"TANGRAM-AP_VENDORS-STU40 ","2025-05-02 00:06:44.974371","2025-05-05 08:24:21.453203",NULL
"336673","TANGRAM","EXP16 ","EXPERTISE ","EXPERTISE LLC",535924,"CONNIE ALVAREZ","US","6506154570","+1 (650) 615-4570","US","6508718312","+1 (650) 871-8312"," ","82-1949360",False,False," 2","2025-04-28 00:00:00"," ","        ",False,False,False,False,False,False,False,True,"N",NULL,NULL,"calvarez@expertiseoffice.com","    ","    ",False,"USD",False,False,False,False,"0.00","2019-06-05 00:00:00","2019-06-05 00:00:00",False," ","     ",False,False,"TANGRAM-AP_VENDORS-EXP16 ","2025-05-02 00:06:44.974371","2025-05-05 08:34:38.386085",NULL
"336674","TANGRAM","MUS15 ","MUSIC&ARTS","MUSIC AND ARTS / GUITAR CENTER",1080006,"Commercial Accounts Dept","US","3016202853","+1 (301) 620-2853","US","8002665962","+1 (800) 266-5962","","95-4774340",False,False," 2",NULL,"","        ",False,False,False,False,False,False,False,True,"N",NULL,NULL,"ca.payments@musicarts.com","    ","    ",False,"USD",False,False,False,False,"0.00",NULL,NULL,False," ","     ",False,False,"TANGRAM-AP_VENDORS-MUS15 ","2025-05-05 08:24:21.453203","2025-05-05 08:34:38.386085",NULL
"336675","TANGRAM","BER20 ","BERNHARDTF","BERNHARDT FURNITURE, INC.     ",10027,"Tammy Turner","US","8287596508","+1 (828) 759-6508","US","8287594851","+1 (828) 759-4851","125750","56-0671544  ",False,False," 2","2025-05-01 00:00:00","Net 30","BRN     ",False,False,False,False,False,False,False,False,"Y",NULL,NULL,"tammyturner@bernhardt.com","    ","    ",False,"USD",True,False,False,False,"0.00",NULL,NULL,False,"N","     ",False,False,"TANGRAM-AP_VENDORS-BER20 ","2025-05-02 00:06:44.974371","2025-05-05 08:45:03.927448",NULL
"336682","TANGRAM","MAH10 ","MAHARAMFAB","MAHARAM FABRIC CORP           ",13404,"CHRISTINA STETZLER","US","4162143903","+1 (416) 214-3903","  "," ","","0301596","13-0998830  ",False,False," 2","2025-05-01 00:00:00","SHIP UPS UNDER 70LBS
 PRICE INCREASE 1/07/13, but not on all pattterns. FRT DEPENDS ON YDG.

ACCT# 0301596","        ",False,False,False,False,False,False,False,False,"Y",NULL,NULL,"cstetzler@maharam.com","    ","    ",False,"USD",True,False,False,False,"0.00",NULL,NULL,False,"N","     ",False,False,"TANGRAM-AP_VENDORS-MAH10 ","2025-05-02 00:06:44.974371","2025-05-05 09:05:37.276446",NULL
"336691","TANGRAM","ALE40 ","ALEXANDERW","ALEXANDER & WILLIS",9443,"SAMANTHA STOUT","US","3102254775","+1 (310) 225-4775","  ","","","","91-2040689",True,False," 2","2025-04-15 00:00:00","","        ",False,False,False,False,False,False,False,False,"Y",NULL,NULL,"manager@alexander-willis.com","103 ","    ",False,"USD",False,False,False,True,"50.00",NULL,NULL,False,"N","     ",False,False,"TANGRAM-AP_VENDORS-ALE40 ","2025-05-02 00:06:44.974371","2025-05-05 14:55:00.113782",NULL
"336686","TANGRAM","KRU10 ","KI        ","KI (ED-INST-CONTRACTS)",13061,"ERNESTINA FRANCO","US","8004549796","+1 (800) 454-9796","US","8005682613","+1 (800) 568-2613","12181","39-1375589  ",False,False," 2","2025-05-01 00:00:00","Discount: 50%.  Freight included.Price increase 3/1/10 on some product.  Pricer on line.   Rep.: Andrea Amondson, Strategic Furniture Group.
**PLEASE PROVIDE KI QUOTE # ON PO**
C/L: 500k Net30","        ",False,False,False,False,False,False,False,False,"Y",NULL,NULL," ","    ","    ",False,"USD",True,False,False,False,"0.00",NULL,NULL,False,"N","     ",False,False,"TANGRAM-AP_VENDORS-KRU10 ","2025-05-02 00:06:44.974371","2025-05-05 09:15:49.845937",NULL
"336687","TANGRAM","AMQ05 ","AMQSOLUTIO","AMQ SOLUTIONS, LLC",9598,"TASHA BAZA","US","8778010370","+1 (877) 801-0370","US","4088548573","+1 (408) 854-8573"," ","27-2869401",True,True," 2","2025-05-01 00:00:00","DISC 50/25 ALL PROD <100K / FRT $100 FEE <1500NET EXCEPT SEATING ONLY / WILL CALL REQ FOR BAY AREA & ATLANTA SEE AMQ FOR ADDL INFO
STUDIO C/L $100K","AMQ     ",False,False,False,False,False,True,False,True,"N",NULL,NULL,"TASHA@AMQSOLUTIONS.COM","    ","    ",False,"USD",False,False,False,False,"0.00",NULL,NULL,False,"N","     ",False,False,"TANGRAM-AP_VENDORS-AMQ05 ","2025-05-02 00:06:44.974371","2025-05-05 09:26:15.478899",NULL
"336692","TANGRAM","ART06 ","ARTERIORS ","ARTERIORS HOME",576619,"JANICE CHAVEZ","US","9724889800","+1 (972) 488-9800","US","9724889898","+1 (972) 488-9898"," ","75-2597834",False,False," 2","2024-12-17 00:00:00"," ","        ",False,False,False,False,False,False,False,True,"N",NULL,NULL,"accountsreceivable@arteriorshome.com","323 ","    ",False,"USD",False,False,False,True,"50.00",NULL,NULL,False," ","     ",False,False,"TANGRAM-AP_VENDORS-ART06 ","2025-05-02 00:06:44.974371","2025-05-05 14:55:00.113782",NULL
"336703","TANGRAM","BEN55 ","BENSOLEIMA","BEN SOLEIMANI.COM INC",868203,"LOUISE","US","3233195242","+1 (323) 319-5242","  ","","","","83-1203351",False,False," 2","2024-12-19 00:00:00","","        ",False,False,False,False,False,False,False,True,"N",NULL,NULL,"louise@bensoleimani.com","    ","    ",False,"USD",False,False,False,True,"50.00",NULL,NULL,False," ","     ",False,False,"TANGRAM-AP_VENDORS-BEN55 ","2025-05-02 00:06:44.974371","2025-05-05 15:05:16.37158",NULL
"336696","TANGRAM","CAB35 ","CABANACOAS","ACTIWIN COMPANY LIMITED",917661,"EWA JESIONOWSKA","CA","9057859988","+1 905-785-9988","CA","9057859977","+1 905-785-9977","","",False,False," 2","2025-02-12 00:00:00","","        ",False,False,False,False,False,False,False,True,"N",NULL,NULL,"accounts@cabanacoast.com","130 ","    ",False,"USD",False,False,False,True,"50.00",NULL,NULL,False," ","     ",False,False,"TANGRAM-AP_VENDORS-CAB35 ","2025-05-02 00:06:44.974371","2025-05-05 14:55:00.113782",NULL
"336706","TANGRAM","CAN111","CANTONITRA","CANTONI TRADE",968991,"DORIANNE ISAACMAN","US","2147428111","+1 (214) 742-8111","  ","","","","75-2317060",True,False," 2","2024-01-05 00:00:00","","        ",False,False,False,False,False,False,False,True,"N",NULL,NULL,"disaacman@contonitrade.com","405 ","    ",False,"USD",False,False,False,True,"50.00",NULL,NULL,False," ","     ",False,False,"TANGRAM-AP_VENDORS-CAN111","2025-05-02 00:06:44.974371","2025-05-05 15:05:16.37158",NULL
"336708","TANGRAM","CRI20 ","CRITICALST","CRITICAL STRUCTURES, INC.",10986,"ERIC STOVNER","US","3105303050","+1 (310) 530-3050","US","3105300184","+1 (310) 530-0184"," ","26-4644712",False,False," 2","2025-04-04 00:00:00"," ","        ",False,False,False,False,False,False,False,True,"N",NULL,NULL,"ESTOVNER@CRITICAL-STRUCTURES.COM","    ","    ",False,"USD",False,False,False,True,"50.00",NULL,NULL,False,"N","     ",False,False,"TANGRAM-AP_VENDORS-CRI20 ","2025-05-02 00:06:44.974371","2025-05-05 15:05:16.37158",NULL
"336709","TANGRAM","CSD111","COMMERCIAL","COMMERCIAL SUPPLY DISTRIBUTORS",987615,"KAREN TRACY","US","2157702658","+1 (215) 770-2658","  ","","","","23-2958105",False,False," 2","2025-03-05 00:00:00","","        ",False,False,False,False,False,False,False,True,"N",NULL,NULL,"accounting@commercialsupplydistributors.com","    ","    ",False,"USD",False,False,False,True,"50.00",NULL,NULL,False," ","     ",False,False,"TANGRAM-AP_VENDORS-CSD111","2025-05-02 00:06:44.974371","2025-05-05 15:05:16.37158",NULL
"336710","TANGRAM","DEN40 ","DENVIRENTE","DENVIR ENTERPRISES LLC",860331,"HAVIS STEPP","US","8505241966","+1 (850) 524-1966","  ","","","","85-1107559",True,False," 2","2024-10-07 00:00:00","","        ",False,False,False,False,False,False,False,True,"N",NULL,NULL,"havis@denvirenterprises.com","    ","    ",False,"USD",False,False,False,True,"50.00",NULL,NULL,False," ","     ",False,False,"TANGRAM-AP_VENDORS-DEN40 ","2025-05-02 00:06:44.974371","2025-05-05 15:05:16.37158",NULL
"336711","TANGRAM","DUP15 ","DUPLEXDES ","DUPLEX DESIGN AGENCY LLC",991432,"PATRIZIO CHIARPARINI","US","9178039103","+1 (917) 803-9103","  ","","","","47-3498859",True,False," 2","2024-02-11 00:00:00","","        ",False,False,False,False,False,False,False,True,"N",NULL,NULL,"pc@duplexdsgn.com","    ","    ",False,"USD",False,False,False,True,"50.00",NULL,NULL,False," ","     ",False,False,"TANGRAM-AP_VENDORS-DUP15 ","2025-05-02 00:06:44.974371","2025-05-05 15:05:16.37158",NULL
"336732","TANGRAM","BRA35 ","PAULBRAYTO","PAUL BRAYTON DESIGNS          ",10164,"                         ","US","3368825200","+1 (336) 882-5200","US","3368825300","+1 (336) 882-5300","               ","56-0957942  ",False,False," 2","2025-03-05 00:00:00","                                                                                                                                                                                                        ","        ",False,False,False,False,False,False,False,False,"Y",NULL,NULL,"Requests@PaulBraytonDesigns.com","    ","    ",False,"USD",True,False,False,True,"50.00",NULL,NULL,False,"N","     ",False,False,"TANGRAM-AP_VENDORS-BRA35 ","2025-05-02 00:06:44.974371","2025-05-05 16:06:56.907574",NULL
"336734","TANGRAM","JAB05 ","JABUSA    ","JAB USA INC.",12705,"Lindsay Pallazzo","US","7187067000","+1 (718) 706-7000","US","","","630154","13-3121975",False,False," 2","2023-04-19 00:00:00"," ","        ",False,False,False,False,False,False,False,True,"N",NULL,NULL," ","310 ","    ",False,"USD",False,False,False,True,"100.00",NULL,NULL,False,"N","     ",False,False,"TANGRAM-AP_VENDORS-JAB05 ","2025-05-02 00:06:44.974371","2025-05-05 16:06:56.907574",NULL
"336735","TANGRAM","JAM45 ","JAMIESTERN","JAMIE STERN",12726,"GLORIA SOLECITTO","US","2013588333","+1 (201) 358-8333","US","2013580359","+1 (201) 358-0359"," ","22-2483961",False,False," 2","2025-01-13 00:00:00"," ","        ",False,False,False,False,False,False,False,True,"N",NULL,NULL,"GSOLECITTO@JAMIESTERNDESIGN.COM","17  ","    ",False,"USD",False,False,False,True,"100.00",NULL,NULL,False,"N","     ",False,False,"TANGRAM-AP_VENDORS-JAM45 ","2025-05-02 00:06:44.974371","2025-05-05 16:06:56.907574",NULL
"336736","TANGRAM","KNO10 ","KNOLLINC  ","KNOLL, INC                    ",13024,"HILLARY POWELL","US","3102895822","+1 (310) 289-5822","US","8665655860","+1 (866) 565-5860","               ","25-1648603  ",False,False," 2","2024-05-16 00:00:00","SHIP PREPAID.DEL CHG DEPENDS ON AMT OF ORDER/IF SHIPPING 2ND DAY/GRND.
Knoll Textiles Price increase 1/1/14.


","        ",False,False,False,False,False,False,False,False,"Y",NULL,NULL,"HPOWELL@KNOLL.COM","    ","    ",False,"USD",True,False,False,True,"50.00",NULL,NULL,False,"N","     ",False,False,"TANGRAM-AP_VENDORS-KNO10 ","2025-05-02 00:06:44.974371","2025-05-05 16:06:56.907574",NULL
"336761","TANGRAM","BRI20 ","BRIXEYCORP","THE BRIXEY CORP.              ",10193,"STEVE PRESCOTT","US","3105446098","+1 (310) 544-6098","US","3107506668","+1 (310) 750-6668","               ","33-0200316  ",False,False," 2","2024-08-27 00:00:00","                                                                                                                                                                                                        ","        ",False,False,False,False,False,False,False,False,"Y",NULL,NULL," ","    ","    ",False,"USD",False,False,False,True,"100.00",NULL,NULL,False,"N","     ",False,False,"TANGRAM-AP_VENDORS-BRI20 ","2025-05-02 00:06:44.974371","2025-05-05 16:17:14.951334",NULL
"336737","TANGRAM","KOR15 ","KOROSEALWA","KOROSEAL WALLCOVERING WEST, IN",13042,"                         ","US","8187297889","+1 (818) 729-7889","US","8187297897","+1 (818) 729-7897","               ","34-1727199  ",False,False," 2","2024-01-05 00:00:00","                                                                                                                                                                                                        ","        ",False,False,False,False,False,False,False,False,"Y",NULL,NULL," ","    ","    ",False,"USD",True,False,False,True,"50.00",NULL,NULL,False,"N","     ",False,False,"TANGRAM-AP_VENDORS-KOR15 ","2025-05-02 00:06:44.974371","2025-05-05 16:06:56.907574",NULL
"336740","TANGRAM","MAR68 ","MARKRICHEY","MARK RICHEY WOODWORKING/DESIGN",992696,"CHRIS CARROLL","US","9784993800","+1 (978) 499-3800","  ","","","","04-3008569",False,False," 2","2025-02-20 00:00:00","","        ",False,False,False,False,False,False,False,True,"N",NULL,NULL,"ccarroll@markrichey.com","    ","    ",False,"USD",False,False,False,True,"50.00",NULL,NULL,False," ","     ",False,False,"TANGRAM-AP_VENDORS-MAR68 ","2025-05-02 00:06:44.974371","2025-05-05 16:06:56.907574",NULL
"336741","TANGRAM","MOO15 ","MOOOIUSA  ","MOOOI USA INC",776694,"SALES","US","6463960455","+1 (646) 396-0455","  "," ",""," ","99-0381360",False,False," 2","2023-12-13 00:00:00"," ","        ",False,False,False,False,False,False,False,True,"N",NULL,NULL,"salesusa@moooi.com","    ","    ",False,"USD",False,False,False,True,"50.00",NULL,NULL,False," ","     ",False,False,"TANGRAM-AP_VENDORS-MOO15 ","2025-05-02 00:06:44.974371","2025-05-05 16:06:56.907574",NULL
"336742","TANGRAM","NES05 ","NESSENLIGH","NESSEN LIGHTING, INC.         ",13961,"                         ","US","9146987799","+1 (914) 698-7799","US","9146985577","+1 (914) 698-5577","TANGR","13-3092377",False,False," 2","2024-12-04 00:00:00","Discount: (1-24) - 40%  25-50-50%. FOB NEW YORK.  Rep.: Architype
Price increase 1/1/08

ACCT# TANGR","        ",False,False,False,False,False,False,False,False,"Y",NULL,NULL," ","    ","    ",False,"USD",True,False,False,True,"50.00",NULL,NULL,False,"N","     ",False,False,"TANGRAM-AP_VENDORS-NES05 ","2025-05-02 00:06:44.974371","2025-05-05 16:06:56.907574",NULL
"336743","TANGRAM","NUC10 ","NUCRAFTFUR","NUCRAFT FURNITURE CO          ",14052,"                         ","US","6163288268","+1 (616) 328-8268","  ","","","17761","38-1238692  ",False,False,"12","2025-04-29 00:00:00",".Price list on line. Rep.: CS&A
Disc. 50/10 under 200K, above negotiable.  Freight included, unless order is under $2K net, then $260 net charge.
Acct 17761

U: 7/16","NUC     ",False,False,False,False,False,False,False,False,"Y",NULL,NULL,"ar@nucraft.com","    ","    ",False,"USD",True,False,False,True,"50.00",NULL,NULL,False,"N","     ",False,False,"TANGRAM-AP_VENDORS-NUC10 ","2025-05-02 00:06:44.974371","2025-05-05 16:06:56.907574",NULL
"336745","TANGRAM","PIN25 ","PINEAPPLE ","PINEAPPLE CONTRACTS INC",682390,"JILL GARVIN","US","8004969324","+1 (800) 496-9324","  "," ",""," ","82-2846564",False,False," 2","2025-04-04 00:00:00"," ","        ",False,False,False,False,False,False,False,True,"N",NULL,NULL,"jill.garvin@pineapplecontracts.com","    ","    ",False,"USD",False,False,False,True,"100.00",NULL,NULL,False," ","     ",False,False,"TANGRAM-AP_VENDORS-PIN25 ","2025-05-02 00:06:44.974371","2025-05-05 16:06:56.907574",NULL
"336746","TANGRAM","POL25 ","POLIFORMUS","POLIFORM USA INC",14622,"CHIARA SUSANNA","US","2124211800","+1 (212) 421-1800","  ","",""," ","13-3874798",False,False," 2","2024-11-19 00:00:00"," ","        ",False,False,False,False,False,False,False,True,"N",NULL,NULL,"chiara.susanna@poliformusa.com","    ","    ",False,"USD",False,False,False,True,"50.00",NULL,NULL,False,"N","     ",False,False,"TANGRAM-AP_VENDORS-POL25 ","2025-05-02 00:06:44.974371","2025-05-05 16:06:56.907574",NULL
"336748","TANGRAM","QUI05 ","QUICKCRETE","QUICK CRETE PRODUCT CORP      ",14848,"CYNTHIA CHAVEZ           ","US","9517376240","+1 (951) 737-6240","US","9517377032","+1 (951) 737-7032","               ","95-3023001  ",False,False," 2","2025-01-13 00:00:00","Terms:  NET 30 for standard product
        50% deposit for custom work
","        ",False,False,False,False,False,False,False,False,"Y",NULL,NULL," ","    ","    ",False,"USD",True,False,False,True,"50.00",NULL,NULL,False,"N","     ",False,False,"TANGRAM-AP_VENDORS-QUI05 ","2025-05-02 00:06:44.974371","2025-05-05 16:06:56.907574",NULL
"336749","TANGRAM","ROS30 ","ROSETUSACO","ROSET USA CORPORATION",981369,"Amanda de Leon","US","2123751036","+1 (212) 375-1036","  ","","","","51-0268177",False,False," 2","2023-12-21 00:00:00","","        ",False,False,False,False,False,False,False,True,"N",NULL,NULL,"adeleon@roset.com","410 ","    ",False,"USD",False,False,False,True,"50.00",NULL,NULL,False," ","     ",False,False,"TANGRAM-AP_VENDORS-ROS30 ","2025-05-02 00:06:44.974371","2025-05-05 16:06:56.907574",NULL
"336762","TANGRAM","RUG15 ","THERUGCOMP","THE RUG COMPANY CA LTD",960101,"SCOTT GRIMES","US","3106599955","+1 (310) 659-9955","  ","","","","20-2691701",False,False," 2","2023-09-13 00:00:00","","        ",False,False,False,False,False,False,False,True,"N",NULL,NULL,"scott.grimes@therugcompany.com","    ","    ",False,"USD",False,False,False,True,"100.00",NULL,NULL,False," ","     ",False,False,"TANGRAM-AP_VENDORS-RUG15 ","2025-05-02 00:06:44.974371","2025-05-05 16:17:14.951334",NULL
"336763","TANGRAM","SOS02 ","SOSSEGODES","SOSSEGO DESIGN LLC",15570,"","US","8002426903","+1 (800) 242-6903","  ","",""," ","47-2942494",False,False," 2","2025-04-17 00:00:00"," ","        ",False,False,False,False,False,False,False,True,"N",NULL,NULL,"orders@sossegodesign.com","    ","    ",False,"USD",False,False,False,True,"50.00",NULL,NULL,False,"N","     ",False,False,"TANGRAM-AP_VENDORS-SOS02 ","2025-05-02 00:06:44.974371","2025-05-05 16:17:14.951334",NULL
"336764","TANGRAM","SOU65 ","SOURCEINTE","SOURCE INTERNATIONAL          ",15600,"Tara Dores","US","5088415975","+1 (508) 841-5975","US","5088421838","+1 (508) 842-1838","               ","            ",False,False," 2","2025-04-15 00:00:00","Net 30

","        ",False,False,False,False,False,False,False,False,"Y",NULL,NULL,"tdores@sourceinternationaldesign.com","    ","    ",False,"USD",False,False,False,True,"70.00",NULL,NULL,False,"N","     ",False,False,"TANGRAM-AP_VENDORS-SOU65 ","2025-05-02 00:06:44.974371","2025-05-05 16:17:14.951334",NULL
"-1","TANGRAM","WOR06 ","WORDEN    ","THE WORDEN COMPANY",1004633,"Derrick Sall","US","6168448477","+1 (616) 844-8477","  ","","","","45-5558968",True,False," 2","2025-03-14 00:00:00","","        ",False,False,False,False,False,False,False,True,"N",NULL,NULL,"ar@wordencompany.com","    ","    ",False,"USD",False,False,False,False,"0.00",NULL,NULL,False," ","     ",False,False,"TANGRAM-AP_VENDORS-WOR06 ","2025-05-02 00:06:44.974371",NULL,NULL
"336765","TANGRAM","SPE11 ","SPECTRUMIN","SPECTRUM INDUSTRIES, INC.",15624,"BRIAN SHUFELT","US","7157236750","+1 (715) 723-6750","US","7157239002","+1 (715) 723-9002"," ","39-1094074",False,False," 2","2025-03-07 00:00:00"," ","        ",False,False,False,False,False,False,False,True,"N",NULL,NULL,"BSHUFELT@SPECTRUMFURNITURE.COM","2112","    ",False,"USD",False,False,False,True,"100.00",NULL,NULL,False,"N","     ",False,False,"TANGRAM-AP_VENDORS-SPE11 ","2025-05-02 00:06:44.974371","2025-05-05 16:17:14.951334",NULL
"336766","TANGRAM","SPR45 ","SPRINGBOAR","SPRINGBOARD WORKING SURFACES",816629,"TONYA RICKS","US","3369046551","+1 (336) 904-6551","  "," ",""," ","85-0778653",False,False," 2","2023-07-19 00:00:00"," ","        ",False,False,False,False,False,False,False,True,"N",NULL,NULL,"tonyaricks@springboard-us.com","    ","    ",False,"USD",False,False,False,True,"50.00",NULL,NULL,False," ","     ",False,False,"TANGRAM-AP_VENDORS-SPR45 ","2025-05-02 00:06:44.974371","2025-05-05 16:17:14.951334",NULL
"336767","TANGRAM","STI15 ","STILLFRIED","STILLFRIED WIEN",890254,"YSAMAR GONZALEZ","US","6465771662","+1 (646) 577-1662","  ","","","","46-2773886",False,False," 2","2025-02-28 00:00:00","","        ",False,False,False,False,False,False,False,True,"N",NULL,NULL,"ysamar.gonzalez@stillfried.com","    ","    ",False,"USD",False,False,False,True,"50.00",NULL,NULL,False," ","     ",False,False,"TANGRAM-AP_VENDORS-STI15 ","2025-05-02 00:06:44.974371","2025-05-05 16:17:14.951334",NULL
"336770","TANGRAM","TBC05 ","TBCONTRACT","TB CONTRACT LLC",968678,"DAISY HIDALGO","US","4247770497","+1 (424) 777-0497","  ","","","","47-4418524",False,False," 2","2023-10-09 00:00:00","","        ",False,False,False,False,False,False,False,True,"N",NULL,NULL,"daisy@ergonomia.com","    ","    ",False,"USD",False,False,False,True,"50.00",NULL,NULL,False," ","     ",False,False,"TANGRAM-AP_VENDORS-TBC05 ","2025-05-02 00:06:44.974371","2025-05-05 16:17:14.951334",NULL
"336773","TANGRAM","JAN05 ","JANUSETCIE","JANUS ET CIE                  ",12727,"Nikki S","US","8002452687","+1 (800) 245-2687","US","3106521284","+1 (310) 652-1284","               ","95-3150326",False,False,"25","2025-05-05 00:00:00","Call local office for freight quote and discounts - Janus et Cie represents several different lines.
2 % discount on payment in full. 
*DEP AGRMNT ON FILE 09/15.

","        ",False,False,False,False,False,False,False,False,"Y",NULL,NULL,"januskoko@janusetcie.com","    ","    ",False,"USD",True,False,False,True,"100.00",NULL,NULL,False,"N","     ",False,False,"TANGRAM-AP_VENDORS-JAN05 ","2025-05-02 00:06:44.974371","2025-05-05 16:37:51.524449",NULL
