"hds_customer_id","organization_id","company_code","customer_no","customer_sort_key","name","address_id","contact_attention","phone_country_code","phone_no","formatted_phone_no","phone_extension","fax_country_code","fax_no","formatted_fax_no","fax_extension","salesperson_id","collector_agent_code","tax_authority_code","customer_terms_code","statement_indicator","dunning_messages","finance_indicator","sic_code","duns_number","date_added","credit_limit","date_last_payment","date_last_purchase","largest_bal_date","largest_bal_amount","a_r_open_total","prior_year_sales","d__b_rating","delivery_indicator","bill_complete_ind","cus_po_required","disguise_indicator","cust_ack_indicator","cus_ack_type","osr_type","osr_frequency","collect_followup_dt","exclude_from_collect","collect_prepass_swch","collect_delinq_amt","collect_tot_a_r_amt","target_collectable","stc_reg_code","tax_exempt_number","prorate_deposit","inactive_customer","stc_cus_site_id","commission_plan","def_dlr_contact_code","def_dlr_contact_type","presentation_std_quote","presentation_std_ack","presentation_std_dt","presentation_std_invoice","presentation_std_osr","std_print_mod_date","report_group_1","report_group_2","price_presentation","exclude_from_purge","invoice_summary","contact_email","salesperson_id_2","salesperson_1_pct","contact_code","contact_type","unspsc_default_code","unspsc_default_code_desc","scs_customer_type","include_in_customer_view","tax_exempt_issuer","tax_exempt_reason","sales_mgmt_id","allow_publish","date_modified","exclude_from_autocharge","customer_folder_path","einvoice_to_procurement","email_invoices","sap_id_id","legal_name","objectkey","created_on","updated_on","process_id"
"-1","TANGRAM","1","041LLC","041LLC  ","041 LLC",1071182,"","  ","","","    ","  "," ","","    ","PUR","BG ","CERT","I ",True,True,False,"    ","118642992","2025-03-13 00:00:00","$50,000.00",NULL,NULL,NULL,"$0.00","$0.00","$0.00","   ","C",True,True,"N","N","A","A","W",NULL,False,False,"$0.00","$0.00","$0.00",NULL,"",False,False,"41829106",NULL,NULL,NULL,"S","S","C","S","S",False,"      ","      ","S",False,False,"",NULL,"100","9073","C","          "," ","N",False," "," ",12706,False,"2025-03-21 00:00:00",False,"\\Powervault\files\1Co  1 PROJECT FOLDER FILES\1_041LLC",False,True,NULL,"041 LLC","TANGRAM-AR_CUSTOMERS-1-12706","2025-05-01 23:53:30.216346",NULL,NULL
"-1","TANGRAM","1","1     ","TANGRAM ","TANGRAM INTERIORS             ",39803,"Accounts Payable","  ","","","    ","  ","","","    ","999","DS ","CERT","1 ",False,False,False,"    ","         ","1987-05-22 00:00:00","$100,000.00","2024-01-15 00:00:00","2025-03-27 00:00:00","2020-09-30 00:00:00","$31,500.00","$0.00","$17,638.22","   ","M",True,False,"N","N","A","A","W","2007-05-22 00:00:00",False,False,"$0.00","$0.00","$0.00",NULL,"                        ",False,False,"162880",NULL,NULL,NULL,"S","S","C","S","S",False,"      ","      ","E",False,False," ",NULL,"100",NULL,NULL,"          "," ","N",True,"","",5389,False,"2025-03-27 00:00:00",False," ",False,False,NULL,"TANGRAM INTERIORS             ","TANGRAM-AR_CUSTOMERS-1-5389","2025-05-01 23:53:30.216346",NULL,NULL
"-1","TANGRAM","2","1     ","RE-DO   ","TANGRAM ON-SITE               ",50700,"WENDY MEADOR             ","US","5623655322","+1 (562) 365-5322","    ","US","5623655323","+1 (562) 365-5323","    ","700","BG ","CERT","4 ",True,True,False,"    ","         ","2001-04-03 00:00:00","$100,000.00","2012-01-31 00:00:00","2002-06-06 00:00:00","2002-06-06 00:00:00","$102.00","$0.00","$0.00","   ","P",False,False,"N","O","A","A","W","2002-07-19 00:00:00",False,False,"$0.00","$0.00","$0.00",NULL,"                        ",False,False,"162880",NULL,NULL,NULL,"B","B","C","B","B",False,"      ","      ","S",False,False," ",NULL,"100",NULL,NULL,"          "," ","N",True,"","",1016,False,"2025-01-23 00:00:00",False," ",False,False,NULL,"TANGRAM ON-SITE               ","TANGRAM-AR_CUSTOMERS-2-1016","2025-05-01 23:53:30.216346",NULL,NULL
"-1","TANGRAM","B","1     ","TANGRAM ","TANGRAM INTERIORS",52710," ","US","","","    ","US","","","    ","999","TW ","LO10","11",False,False,False,"    ","         ","2012-06-08 00:00:00","$0.00",NULL,NULL,NULL,"$0.00","$0.00","$0.00","   ","P",False,False,"N","N","N","A","W",NULL,False,False,"$0.00","$0.00","$0.00",NULL," ",False,True,"162880",NULL,NULL,NULL,"C","C","C","C","C",False,"      ","      "," ",False,False," ",NULL,"100",NULL,NULL,"          "," ","N",True," "," ",1,False,"2018-07-03 00:00:00",False," ",False,False,NULL,"TANGRAM INTERIORS","TANGRAM-AR_CUSTOMERS-B-1","2025-05-01 23:53:30.216346",NULL,NULL
"-1","TANGRAM","D","1     ","TANGRAM ","TANGRAM INTERIORS",807230,"","  ","","","    ","  "," ","","    ","998","DS ","CERT","0 ",True,True,False,"    ","120878152","2021-08-20 00:00:00","$0.00","2022-07-29 00:00:00","2024-11-26 00:00:00","2021-12-28 00:00:00","$35,518.27","$766.42","$819.77","   ","M",True,True,"N","A","A","A","W",NULL,False,False,"$0.00","$0.00","$0.00",NULL," ",False,False,"1333522",NULL,NULL,NULL,"S","S","C","S","S",False,"      ","      ","S",False,False," ",NULL,"100","N03B","C","          "," ","N",False," "," ",6,False,"2025-01-01 00:00:00",False," ",False,True,NULL,"TANGRAM INTERIORS","TANGRAM-AR_CUSTOMERS-D-6","2025-05-01 23:53:30.216346",NULL,NULL
"-1","TANGRAM","F","1     ","TANGRAM ","Tangram Interiors.",52799," ","  ","5623655000","5623655000","    ","  ","5623655033","5623655033","    ","965","MP ","CERT","1 ",False,True,False,"    ","120878152","2010-01-14 00:00:00","$0.00","2025-03-31 00:00:00","2025-03-31 00:00:00","2021-05-25 00:00:00","$183,660.97","$0.00","$50,264.34","   ","C",True,True,"N","O","N","A","W",NULL,False,True,"$1,984.29","$1,984.29","$0.00",NULL," ",False,False,"162880",NULL,NULL,NULL,"S","S","C","S","S",False,"      ","      ","S",False,False," ",NULL,"100",NULL,NULL,"          "," ","N",True," "," ",67,False,"2025-04-01 00:00:00",False," ",False,False,NULL,"Tangram Interiors.","TANGRAM-AR_CUSTOMERS-F-67","2025-05-01 23:53:30.216346",NULL,NULL
"-1","TANGRAM","K","1     ","TANGRAM ","TANGRAM INTERIORS",53249," ","US","","","    ","US","","","    ","300",NULL,"LO10","11",False,False,False,"    ","         ","2010-10-06 00:00:00","$0.00","2012-04-30 00:00:00","2012-04-30 00:00:00","2011-04-12 00:00:00","$43,225.00","$0.00","$79,030.00","   ","P",False,False,"N","N","N","A","W",NULL,False,False,"$0.00","$0.00","$0.00",NULL," ",False,True,"0",NULL,NULL,NULL,"C","C","C","C","C",False,"      ","      "," ",False,False," ",NULL,"100",NULL,NULL,"          "," ","N",True," "," ",1,False,"2018-07-03 00:00:00",False," ",False,False,NULL,"TANGRAM INTERIORS","TANGRAM-AR_CUSTOMERS-K-1","2025-05-01 23:53:30.216346",NULL,NULL
"-1","TANGRAM","P","1     ","TANGRAM ","Tangram Interiors",940559,"","  ","","","    ","  "," ","","    ","965",NULL,"CERT","0 ",True,True,False,"    ","         ","2023-05-12 00:00:00","$0.00","2023-12-31 00:00:00","2023-12-29 00:00:00","2023-12-29 00:00:00","$419,639.86","$0.00","$0.00","   ","C",True,True,"N","N","N","A","W",NULL,False,False,"$0.00","$0.00","$0.00",NULL,"",False,False,"1333522",NULL,NULL,NULL,"S","S","C","S","S",False,"      ","      ","S",False,False,"",NULL,"100","O03B","C","          "," ","N",False," "," ",257,False,"2025-01-01 00:00:00",False," ",False,True,NULL,"Tangram Interiors","TANGRAM-AR_CUSTOMERS-P-257","2025-05-01 23:53:30.216346",NULL,NULL
"-1","TANGRAM","S","100   ","TANGRAM ","TANGRAM                       ",53430,"Accounts Payable","US","5623655000","+1 (562) 365-5000","    ","US","5623655399","+1 (562) 365-5399","    ","999","TW ","CERT","4 ",True,False,False,"    ","         ","2000-07-13 00:00:00","$0.00","2025-03-31 00:00:00","2025-03-27 00:00:00","2019-07-31 00:00:00","$2,096,770.68","$0.00","$998,783.92","   ","M",True,True,"N","N","A","A","W",NULL,False,False,"$0.00","$0.00","$0.00",NULL,"resale",False,False,"162880",NULL,NULL,NULL,"S","S","C","S","S",False,"      ","      ","S",False,False,"tjackson@tangraminteriors.com",NULL,"100",NULL,NULL,"          "," ","N",True,"resale","resale",31,False,"2025-03-31 00:00:00",False," ",False,True,NULL,"TANGRAM                       ","TANGRAM-AR_CUSTOMERS-S-31","2025-05-01 23:53:30.216346",NULL,NULL
"-1","TANGRAM","S","101   ","STUDIO  ","TANGRAM STUDIO                ",53431," ","US","5623655000","+1 (562) 365-5000","    ","  "," ","","    ","999",NULL,"CERT","1 ",False,False,False,"    ","         ","2001-04-03 00:00:00","$0.00","2025-03-25 00:00:00","2024-12-20 00:00:00","2014-06-30 00:00:00","$808,994.39","$850.00","$94,913.45","   ","M",False,True,"N","N","A","A","W",NULL,False,False,"$0.00","$0.00","$0.00",NULL,"                        ",False,False,"162880",NULL,NULL,NULL,"S","S","C","S","S",False,"      ","      ","S",True,False," ",NULL,"100",NULL,NULL,"          "," ","N",True,"","",30,False,"2025-03-30 00:00:00",False," ",False,False,NULL,"TANGRAM STUDIO                ","TANGRAM-AR_CUSTOMERS-S-30","2025-05-01 23:53:30.216346",NULL,NULL
"-1","TANGRAM","S","102   ","FLOORING","Tangrm Flooring",53432,"Accounts Payable","US","5623655022","+1 (562) 365-5022","    ","US","","","    ","999","TW ","CERT","4 ",True,False,False,"    ","         ","2017-11-30 00:00:00","$0.00",NULL,NULL,NULL,"$0.00","$0.00","$0.00","   ","M",True,True,"N","O","A","A","W",NULL,False,False,"$0.00","$0.00","$0.00",NULL,"resale",False,False,"162880",NULL,NULL,NULL,"S","S","C","S","S",False,"      ","      ","S",False,False,"tjackson@tangraminteriors.com",NULL,"100",NULL,NULL,"          "," ","N",False,"resale","resale",292,False,"2025-01-01 00:00:00",False,"\\Powervault\files\3Co S PROJECT FOLDER FILES\S_102",False,True,NULL,"Tangrm Flooring","TANGRAM-AR_CUSTOMERS-S-292","2025-05-01 23:53:30.216346",NULL,NULL
"-1","TANGRAM","S","103   ","DALLAS  ","Tangram Dallas",856365,"Accounts Payable","US","5623655022","+1 (562) 365-5022","    ","  "," ","","    ","999","TW ","CERT","1 ",True,False,False,"    ","196925952","2022-04-14 00:00:00","$0.00","2024-11-30 00:00:00","2024-10-11 00:00:00","2023-03-31 00:00:00","$286,804.31","$0.00","$285,993.20","   ","M",True,True,"N","O","A","A","W",NULL,False,False,"$0.00","$0.00","$0.00",NULL,"13714287409",False,False,"1333522",NULL,NULL,NULL,"S","S","C","S","S",False,"      ","      ","S",False,False,"tjackson@tangraminteriors.com",NULL,"100",NULL,NULL,"          "," ","N",False,"Texas","Resale Internal",423,False,"2025-01-01 00:00:00",False," ",False,False,NULL,"Tangram Dallas","TANGRAM-AR_CUSTOMERS-S-423","2025-05-01 23:53:30.216346",NULL,NULL
"-1","TANGRAM","1","180EAS","180EASTO","180 East Ocean LLC",1053365,"","  ","","","    ","  "," ","","    ","388","BG ","CERT","F ",True,True,False,"    ","0        ","2024-11-27 00:00:00","$2,500.00",NULL,"2025-04-22 00:00:00","2025-04-22 00:00:00","$2,641.09","$5.98","$0.00","   ","C",True,True,"N","N","A","A","W",NULL,False,False,"$0.00","$0.00","$0.00",NULL,"",False,False,"41825272",NULL,NULL,NULL,"S","S","C","S","S",False,"      ","      ","S",False,False,"",NULL,"100","V06M","C","          "," ","N",False," "," ",12684,False,"2025-04-22 00:00:00",False,"\\Powervault\files\1Co  1 PROJECT FOLDER FILES\1_180EAS",False,False,NULL,"180 East Ocean, LLC","TANGRAM-AR_CUSTOMERS-1-12684","2025-05-01 23:53:30.216346",NULL,NULL
"-1","TANGRAM","D","1ST001","FIRSTHOR","First Horizon Bank",829416,"Accounts Payable","  ","9015234444","+1 (901) 523-4444","    ","  "," ","","    ","229","DS ","CERT","4 ",True,True,False,"    ","101808343","2021-12-03 00:00:00","$0.00",NULL,NULL,NULL,"$0.00","$0.00","$0.00","   ","C",True,True,"N","O","A","A","W",NULL,False,False,"$0.00","$0.00","$0.00",NULL," ",False,False,"15536110",NULL,NULL,NULL,"S","S","C","S","S",False,"      ","      ","S",False,False," ",NULL,"100",NULL,NULL,"          "," ","N",False," "," ",111,False,"2025-01-01 00:00:00",False," ",False,False,NULL,"First Horizon Bank","TANGRAM-AR_CUSTOMERS-D-111","2025-05-01 23:53:30.216346",NULL,NULL
"-1","TANGRAM","1","2     ","TANGRAM ","TANGRAM - DEMO",39804,"","US","","","    ","US","","","    ","999","TW ","CERT","1 ",False,False,False,"    ","         ","2006-09-05 00:00:00","$0.00",NULL,NULL,NULL,"$0.00","$0.00","$0.00","   ","C",False,True,"N","N","A","A","W",NULL,False,False,"$0.00","$0.00","$0.00",NULL,"",False,True,"162880",NULL,"TFL ","D","S","S","C","S","S",False,"      ","      ","S",False,False,"",NULL,"100",NULL," ","          ","","N",True,"","",6532,False,"2025-01-01 00:00:00",False," ",False,True,NULL,"TANGRAM - DEMO","TANGRAM-AR_CUSTOMERS-1-6532","2025-05-01 23:53:30.216346",NULL,NULL
"-1","TANGRAM","2","2     ","TANGRAM ","TANGRAM INTERIORS",50701,"JAN WINDLE               ","US","5623655000","+1 (562) 365-5000","    ","US","5623655329","+1 (562) 365-5329","    ","700","TW ","CERT","11",True,False,False,"    ","120878152","2000-10-16 00:00:00","$250,000.00","2011-12-31 00:00:00","2011-12-13 00:00:00","2011-07-05 00:00:00","$2,625.00","$0.00","$0.00","   ","P",False,True,"N","O","A","A","W",NULL,False,False,"$0.00","$0.00","$0.00",NULL,"                        ",False,True,"162880",NULL,NULL,NULL,"S","S","C","S","S",False,"      ","      ","S",False,False," ",NULL,"100",NULL,NULL,"          "," ","N",True,"","",1187,False,"2025-01-01 00:00:00",False," ",False,False,NULL,"TANGRAM INTERIORS","TANGRAM-AR_CUSTOMERS-2-1187","2025-05-01 23:53:30.216346",NULL,NULL
"-1","TANGRAM","F","2     ","TANGDALL","Tangram",954837,"","  ","","","    ","  "," ","","    ","940",NULL,"CERT","9 ",True,True,False,"    ","118555220","2023-07-20 00:00:00","$0.00","2023-08-31 00:00:00","2023-08-17 00:00:00","2023-08-17 00:00:00","$4,300.00","$0.00","$0.00","   ","C",True,True,"N","O","N","A","W",NULL,False,False,"$0.00","$0.00","$0.00",NULL,"",False,False,"1333522",NULL,NULL,NULL,"S","S","C","S","S",False,"      ","      ","S",False,False,"",NULL,"100","I03O","C","          "," ","N",False," "," ",759,False,"2025-02-10 00:00:00",False," ",False,True,NULL,"Tangram Interiors","TANGRAM-AR_CUSTOMERS-F-759","2025-05-01 23:53:30.216346",NULL,NULL
"-1","TANGRAM","F","211SOU","211SOUTH","211 South Beverly Dr LLC",855685,"","  ","","","    ","  "," ","","    ","385","BG ","CERT","9 ",True,True,False,"    ","         ","2022-04-12 00:00:00","$306,000.00",NULL,NULL,NULL,"$0.00","$0.00","$0.00","   ","C",True,True,"N","O","N","A","W",NULL,False,False,"$0.00","$0.00","$0.00",NULL,"",False,False,"41778178",NULL,NULL,NULL,"S","S","C","S","S",False,"      ","      ","S",False,False,"",NULL,"100","400I","C","          "," ","N",False," "," ",719,False,"2025-02-10 00:00:00",False," ",False,True,NULL,"211 South Beverly Dr LLC","TANGRAM-AR_CUSTOMERS-F-719","2025-05-01 23:53:30.216346",NULL,NULL
"-1","TANGRAM","1","21LAPS","21LAPS  ","21 Laps, Inc.",788828," ","  "," ","","    ","  "," ","","    ","397","BG ","CERT","E ",True,True,False,"    ","22123743 ","2021-05-14 00:00:00","$275,000.00","2022-08-05 00:00:00","2022-07-27 00:00:00","2021-12-17 00:00:00","$137,609.34","$0.00","$0.00","   ","C",True,True,"N","N","A","A","W",NULL,False,False,"$0.00","$0.00","$0.00",NULL," ",False,False,"41760794",NULL,NULL,NULL,"S","S","C","S","S",False,"      ","      ","S",False,False," ",NULL,"100","Z094","C","          "," ","N",False," "," ",12076,False,"2025-01-01 00:00:00",False,"\\Powervault\files\1Co  1 PROJECT FOLDER FILES\1_21LAPS",False,True,NULL,"21 Laps, Inc.","TANGRAM-AR_CUSTOMERS-1-12076","2025-05-01 23:53:30.216346",NULL,NULL
"-1","TANGRAM","1","22I394","22INTERI","22 Interiors",1015471,"","  ","","","    ","  "," ","","    ","495","BG ","CERT","E ",True,True,False,"    ","0        ","2024-05-21 00:00:00","$100,000.00",NULL,NULL,NULL,"$0.00","$0.00","$0.00","   ","C",True,True,"N","N","A","A","W",NULL,False,False,"$0.00","$0.00","$0.00",NULL,"AD102-355769",False,False,"41815900",NULL,NULL,NULL,"S","S","C","S","S",False,"      ","      ","S",False,False,"",NULL,"100","E05K","C","          "," ","N",False,"California","Resale",12623,False,"2025-01-01 00:00:00",False,"\\Powervault\files\1Co  1 PROJECT FOLDER FILES\1_22I394",False,True,NULL,"22 Interiors","TANGRAM-AR_CUSTOMERS-1-12623","2025-05-01 23:53:30.216346",NULL,NULL
"-1","TANGRAM","1","24H001","24HRHOME","24hr Homecare L.L.C.",39805," ","  "," ","","    ","  ","","","    ","495","BG ","CERT","1 ",True,True,False,"    ","15478190 ","2016-05-20 00:00:00","$350,000.00","2024-11-22 00:00:00","2024-09-27 00:00:00","2017-12-05 00:00:00","$339,114.44","$0.00","$20,652.17","   ","C",True,True,"N","N","A","A","W",NULL,False,False,"$0.00","$0.00","$0.00",NULL," ",False,False,"41653636",NULL,NULL,NULL,"S","S","C","S","S",False,"      ","      ","S",False,False," ",NULL,"100","S956","C","          "," ","N",False," "," ",10670,False,"2025-01-01 00:00:00",False,"\\Powervault\files\1Co  1 PROJECT FOLDER FILES\1_24H001",False,True,NULL,"24HR HOMECARE L.L.C.","TANGRAM-AR_CUSTOMERS-1-10670","2025-05-01 23:53:30.216346",NULL,NULL
"-1","TANGRAM","1","2DF001","2DFINTER","2DF Interiors",39806,"Kimberly Franzen","US","7145523499","+1 (714) 552-3499","    ","US","7142890697","+1 (714) 289-0697","    ","900","DR ","CERT","1 ",True,True,False,"    ","         ","2008-02-28 00:00:00","$15,000.00","2008-12-10 00:00:00","2008-10-20 00:00:00","2008-07-24 00:00:00","$15,613.80","$0.00","$0.00","   ","C",True,True,"N","N","A","A","W","2009-02-28 00:00:00",False,False,"$0.00","$0.00","$0.00",NULL," ",False,True,"30166936",NULL,NULL,NULL,"S","S","C","S","S",False,"      ","      ","S",False,False," ",NULL,"100",NULL,NULL,"          "," ","N",True," "," ",7257,False,"2025-01-01 00:00:00",False,"\1_2DF001",False,False,NULL,"2DF Interiors","TANGRAM-AR_CUSTOMERS-1-7257","2025-05-01 23:53:30.216346",NULL,NULL
"-1","TANGRAM","1","2EG001","2EGROUP ","2E GROUP",39807,"LISETTE TUOHY","US","8187120406","+1 (818) 712-0406","    ","US","8183486253","+1 (818) 348-6253","    ","561","AS ","CERT","0 ",True,True,False,"5712","624071770","2006-08-04 00:00:00","$1,450.00","2006-11-08 00:00:00","2006-10-25 00:00:00","2006-10-25 00:00:00","$15,337.73","$0.00","$0.00","DS ","C",True,False,"N","N","A","A","W","2007-08-04 00:00:00",False,False,"$0.00","$0.00","$0.00",NULL,"SRAC100680975",False,True,"27682479",NULL,NULL,NULL,"S","S","C","S","S",False,"      ","      ","S",False,False,"",NULL,"100",NULL,NULL,"          ","","N",True,"Lisette Tuohy - Principal","Resale",6486,False,"2025-01-01 00:00:00",False," ",False,False,NULL,"2E GROUP","TANGRAM-AR_CUSTOMERS-1-6486","2025-05-01 23:53:30.216346",NULL,NULL
"-1","TANGRAM","1","2HC001","2HCONSTR","2H CONSTRUCTION",39808,"SEAN KELLY","US","5625772505","+1 (562) 577-2505","    ","US","","","    ","999","DR ","CERT","2 ",True,True,False,"1541","157144184","2006-10-05 00:00:00","$400.00","2006-10-27 00:00:00","2006-10-12 00:00:00","2006-10-12 00:00:00","$357.23","$0.00","$0.00","1R3","C",True,False,"N","N","A","A","W","2007-10-05 00:00:00",False,False,"$0.00","$0.00","$0.00",NULL,"",False,True,"27019604",NULL,NULL,NULL,"S","S","C","S","S",False,"      ","      ","S",False,False,"",NULL,"100",NULL,NULL,"          ","","N",True,"","",6586,False,"2025-01-01 00:00:00",False," ",False,False,NULL,"2H CONSTRUCTION","TANGRAM-AR_CUSTOMERS-1-6586","2025-05-01 23:53:30.216346",NULL,NULL
"-1","TANGRAM","P","2UI010","2UINC   ","2u Inc.",53295,"Accounts Payable","  ","8886261872","8886261872","    ","  ","","","    ","682","MP ","CERT","11",False,True,False,"    ","829860183","2016-06-29 00:00:00","$15,000.00",NULL,"2016-08-30 00:00:00","2016-08-30 00:00:00","$10,419.91","$0.00","$0.00","   ","C",True,False,"N","N","N","A","W",NULL,False,False,"$0.00","$0.00","$0.00",NULL,"32051294471",False,True,"33341110",NULL,NULL,NULL,"S","S","C","S","S",False,"      ","      ","S",False,False," ",NULL,"100",NULL,NULL,"          "," ","N",False,"Texas","Resale",101,False,"2025-01-01 00:00:00",False," ",False,False,NULL,"2u Inc.","TANGRAM-AR_CUSTOMERS-P-101","2025-05-01 23:53:30.216346",NULL,NULL
"-1","TANGRAM","1","3     ","TANGRAM ","TANGRAM - LOANER",39809,"","CA","","","    ","CA","","","    ","999","TW ","CERT","1 ",False,False,False,"    ","         ","2006-09-05 00:00:00","$0.00",NULL,NULL,NULL,"$0.00","$0.00","$0.00","   ","C",False,True,"N","N","A","A","W",NULL,False,False,"$0.00","$0.00","$0.00",NULL,"",False,True,"162880",NULL,"TFL ","D","S","S","C","S","S",False,"      ","      ","S",False,False,"",NULL,"100",NULL,NULL,"          ","","N",True,"","",6533,False,"2025-01-01 00:00:00",False," ",False,False,NULL,"TANGRAM - LOANER","TANGRAM-AR_CUSTOMERS-1-6533","2025-05-01 23:53:30.216346",NULL,NULL
"-1","TANGRAM","2","3     ","TANGRAMF","Tangram Fabricators",50702,"Shadonna","US","5623655278","+1 (562) 365-5278","    ","US","","","    ","700","SL ","CERT","11",True,True,False,"    ","         ","2011-03-10 00:00:00","$0.00","2011-08-31 00:00:00","2011-08-23 00:00:00","2011-06-21 00:00:00","$915.00","$0.00","$0.00","   ","P",True,True,"N","O","A","A","W","2012-03-10 00:00:00",False,False,"$0.00","$0.00","$0.00",NULL," ",False,True,"0",NULL,NULL,NULL,"S","S","C","S","S",False,"      ","      ","S",False,False," ",NULL,"100",NULL,NULL,"          "," ","N",True," "," ",1500,False,"2025-01-01 00:00:00",False," ",False,False,NULL,"Tangram Fabricators","TANGRAM-AR_CUSTOMERS-2-1500","2025-05-01 23:53:30.216346",NULL,NULL
"-1","TANGRAM","D","300LEA","3006LEAS","30-06 Leasing LLC",876908,"","  ","","","    ","  "," ","","    ","ASE",NULL,"CERT","E ",True,True,False,"    ","94111402 ","2022-07-18 00:00:00","$6,000.00",NULL,"2022-08-24 00:00:00","2022-08-24 00:00:00","$5,334.56","$0.00","$0.00","   ","C",True,True,"N","O","A","A","W",NULL,False,False,"$0.00","$0.00","$0.00",NULL,"",False,False,"41784897",NULL,NULL,NULL,"S","S","C","S","S",False,"      ","      ","S",False,False,"",NULL,"100","401D","C","          "," ","N",False," "," ",244,False,"2025-01-01 00:00:00",False,"\\powervault\files\Co DALLAS PROJECT FOLDERS\D_300LEA",False,True,NULL,"30-06 Leasing LLC","TANGRAM-AR_CUSTOMERS-D-244","2025-05-01 23:53:30.216346",NULL,NULL
"-1","TANGRAM","S","325100","325MAPLE","325 Maple Ventures Owner LLC",703946,"Accounts Payable","  ","3103939653","3103939653","    ","  "," ","","    ","202","MP ","CERT","3 ",True,False,False,"    ","0        ","2020-02-06 00:00:00","$15,000.00","2020-03-11 00:00:00","2020-02-27 00:00:00","2020-02-27 00:00:00","$15,001.52","$0.00","$0.00","   ","M",True,True,"N","O","A","A","W",NULL,False,False,"$0.00","$0.00","$0.00",NULL," ",False,False,"41735466",NULL,NULL,NULL,"S","S","C","S","S",False,"      ","      ","S",False,False," ",NULL,"100",NULL,NULL,"          "," ","N",False," "," ",378,False,"2025-01-01 00:00:00",False," ",False,True,NULL,"325 Maple Ventures Owner LLC","TANGRAM-AR_CUSTOMERS-S-378","2025-05-01 23:53:30.216346",NULL,NULL
"-1","TANGRAM","1","333FIN","333FINAN","333 Financial Group, LLC",39810,"Accounts Payable","US","6264273333","+1 (626) 427-3333","    ","US","6268003933","+1 (626) 800-3933","    ","513","BG ","CERT","11",True,True,False,"    ","         ","2014-03-27 00:00:00","$30,000.00","2014-05-09 00:00:00","2014-05-07 00:00:00","2014-05-07 00:00:00","$27,236.79","$0.00","$0.00","   ","C",True,False,"N","N","A","A","W",NULL,False,False,"$0.00","$0.00","$0.00",NULL," ",False,True,"41581143",NULL,NULL,NULL,"S","S","C","S","S",False,"      ","      ","S",False,False," ",NULL,"100",NULL,NULL,"          "," ","N",False," "," ",9819,False,"2025-01-01 00:00:00",False,"\\Powervault\files\1Co  1 PROJECT FOLDER FILES\1_333FIN",False,False,NULL,"333 Financial Group, LLC","TANGRAM-AR_CUSTOMERS-1-9819","2025-05-01 23:53:30.216346",NULL,NULL
"-1","TANGRAM","P","360CGI","360CONST","360 Construction, Inc",53296,"Accounts Payable","US","8009716680","+1 (800) 971-6680","    ","US","","","    ","999","MP ","CERT","11",True,True,False,"    ","         ","2014-05-28 00:00:00","$50,000.00","2014-09-30 00:00:00","2014-08-30 00:00:00","2014-08-30 00:00:00","$44,194.53","$0.00","$0.00","   ","C",True,True,"N","N","N","A","W",NULL,False,False,"$0.00","$0.00","$0.00",NULL," ",False,True,"0",NULL,NULL,NULL,"S","S","C","S","S",False,"      ","      ","S",False,False," ",NULL,"100",NULL,NULL,"          "," ","N",False," "," ",37,False,"2025-01-01 00:00:00",False," ",False,False,NULL,"360 Construction, Inc","TANGRAM-AR_CUSTOMERS-P-37","2025-05-01 23:53:30.216346",NULL,NULL
"-1","TANGRAM","1","360SYS","360SYSTE","360 SYSTEMS                   ",39811,"ACCOUNTS PAYABLE         ","US","8189910360","+1 (818) 991-0360","    ","US","8189911360","+1 (818) 991-1360","    ","999","AS ","CERT","E ",True,True,False,"3651","092706001","2002-01-17 00:00:00","$10,000.00","2002-05-28 00:00:00","2002-05-20 00:00:00","2002-03-22 00:00:00","$7,782.06","$0.00","$0.00","   ","C",True,True,"N","N","A","A","W","2002-08-23 00:00:00",False,False,"$0.00","$0.00","$0.00",NULL,"                        ",False,True,"10078612",NULL,NULL,NULL,"S","S","C","S","S",False,"      ","      ","S",False,False,"                                        ",NULL,"100",NULL,NULL,"          "," ","N",True,"","",8,False,"2025-01-01 00:00:00",False," ",False,False,NULL,"360 SYSTEMS                   ","TANGRAM-AR_CUSTOMERS-1-8","2025-05-01 23:53:30.216346",NULL,NULL
"-1","TANGRAM","S","3BL925","3BLACKDO","3bd Holdings  Inc.",900368,"","  ","","","    ","  "," ","","    ","636","BG ","CERT","E ",True,False,False,"    ","80258105 ","2022-10-28 00:00:00","$400,000.00",NULL,NULL,NULL,"$0.00","$0.00","$0.00","   ","M",True,True,"N","O","A","A","W",NULL,False,False,"$0.00","$0.00","$0.00",NULL,"",False,False,"41780306",NULL,NULL,NULL,"S","S","C","S","S",False,"      ","      ","S",False,False,"",NULL,"100","G021","C","          "," ","N",False," "," ",442,False,"2025-01-01 00:00:00",False," ",False,True,NULL,"3BlackDot","TANGRAM-AR_CUSTOMERS-S-442","2025-05-01 23:53:30.216346",NULL,NULL
"-1","TANGRAM","1","3D001 ","3DSITE  ","3D Site",39812,"Beth Mays","US","3104550780","+1 (310) 455-0780","    ","US","3104557091","+1 (310) 455-7091","    ","900","DR ","CERT","0 ",True,True,False,"4481","843117669","2007-09-21 00:00:00","$300.00",NULL,"2007-10-18 00:00:00","2007-10-18 00:00:00","$684.14","$0.00","$0.00","   ","C",True,True,"N","N","A","A","W","2008-09-21 00:00:00",False,False,"$0.00","$0.00","$0.00",NULL," ",False,True,"23218456",NULL,NULL,NULL,"S","S","C","S","S",False,"      ","      ","S",False,False," ",NULL,"100",NULL,NULL,"          "," ","N",True," "," ",7083,False,"2025-01-01 00:00:00",False," ",False,False,NULL,"3D Site","TANGRAM-AR_CUSTOMERS-1-7083","2025-05-01 23:53:30.216346",NULL,NULL
"-1","TANGRAM","2","3DI001","3DINTERN","3-D INTERNATIONAL-TURNER      ",50703,"ACCOUNTS PAYABLE         ","  ","2134392204","2134392204","    ","  ","2136279243","2136279243","    ","700","AF ","CERT","11",False,True,False,"    ","         ","2001-05-08 00:00:00","$900.00","2001-06-14 00:00:00","2001-05-21 00:00:00","2001-05-21 00:00:00","$840.04","$0.00","$0.00","   ","P",True,True,"N","O","A","A","W",NULL,False,False,"$0.00","$0.00","$0.00",NULL,"                        ",False,True,"0",NULL,NULL,NULL,"S","S","C","S","S",False,"      ","      ","S",False,False," ",NULL,"100",NULL,NULL,"          "," ","N",True,"","",1,False,"2025-01-01 00:00:00",False," ",False,False,NULL,"3-D INTERNATIONAL-TURNER      ","TANGRAM-AR_CUSTOMERS-2-1","2025-05-01 23:53:30.216346",NULL,NULL
"-1","TANGRAM","1","3M0000","3MESPE  ","3M ESPE",39813,"3M - ACCOUNTS PAYABLE","US","6515756450","+1 (651) 575-6450","    ","US","","","    ","229","TW ","CERT","4 ",True,True,False,"    ","         ","2003-10-22 00:00:00","$1,000.00","2014-06-05 00:00:00","2019-06-04 00:00:00","2004-04-06 00:00:00","$2,869.00","$0.00","$0.00","   ","C",True,True,"N","N","A","A","W","2009-12-31 00:00:00",False,False,"$0.00","$0.00","$0.00",NULL,"",False,False,"690247",NULL,NULL,NULL,"S","S","C","S","S",False,"      ","      ","S",False,False,"",NULL,"100",NULL,NULL,"          "," ","N",True,"","",10,False,"2025-01-01 00:00:00",False," ",False,False,NULL,"3M ESPE","TANGRAM-AR_CUSTOMERS-1-10","2025-05-01 23:53:30.216346",NULL,NULL
"-1","TANGRAM","1","3M001 ","3M      ","STEELCASE WORKPLACE SERVICES",39814,"SHIRLEY JONES DAVIS","US","6162487556","+1 (616) 248-7556","    ","US","6162487537","+1 (616) 248-7537","    ","525","TW ","CERT","4 ",True,True,False,"    ","         ","2006-09-29 00:00:00","$100,000.00","2007-07-11 00:00:00","2007-06-06 00:00:00","2006-11-21 00:00:00","$45,274.65","$0.00","$0.00","   ","C",True,True,"N","N","A","A","W","2007-09-29 00:00:00",False,False,"$0.00","$0.00","$0.00",NULL,"",False,False,"27683379",NULL,NULL,NULL,"S","S","C","S","S",False,"      ","      ","S",False,False,"swsinvoice@steelcase.com",NULL,"100",NULL,NULL,"          ","","N",True,"","",6575,False,"2025-01-01 00:00:00",False," ",False,False,NULL,"STEELCASE WORKPLACE SERVICES","TANGRAM-AR_CUSTOMERS-1-6575","2025-05-01 23:53:30.216346",NULL,NULL
"-1","TANGRAM","1","3MH005","3MCOMPAN","3M COMPANY                    ",39815,"JODY NEGRON              ","US","9494711018","+1 (949) 471-1018","    ","US","9494711050","+1 (949) 471-1050","    ","900","DR ","CERT","11",True,True,False,"    ","         ","1997-07-25 00:00:00","$7,500.00","2004-09-01 00:00:00","2004-06-21 00:00:00","2002-09-27 00:00:00","$27,444.38","$0.00","$0.00","   ","C",True,True,"N","N","A","A","W","2002-05-16 00:00:00",False,False,"$0.00","$0.00","$0.00",NULL,"                        ",False,True,"22809712",NULL,NULL,NULL,"S","S","C","S","S",False,"      ","      ","S",False,False," ",NULL,"100",NULL,NULL,"          "," ","N",True,"","",9,False,"2025-01-01 00:00:00",False," ",False,False,NULL,"3M COMPANY                    ","TANGRAM-AR_CUSTOMERS-1-9","2025-05-01 23:53:30.216346",NULL,NULL
"-1","TANGRAM","2","3ML001","3MLOGIST","3MLOGISTICS                   ",50704,"ACCOUNTS PAYABLE         ","US","2137266367","+1 (213) 726-6367","    ","US","","","    ","725","TW ","CERT","C ",True,False,False,"    ","         ","1999-11-16 00:00:00","$370.00",NULL,NULL,"1999-05-27 00:00:00","$4,325.21","$0.00","$0.00","   ","C",False,True,"N","O","A","A","W",NULL,False,False,"$0.00","$0.00","$0.00",NULL,"                        ",False,False,"0",NULL,NULL,NULL,"S","S","C","S","S",False,"      ","      ","S",False,False," ",NULL,"100",NULL,NULL,"          "," ","N",True,"","",2,False,"2025-01-01 00:00:00",False," ",False,False,NULL,"3MLOGISTICS                   ","TANGRAM-AR_CUSTOMERS-2-2","2025-05-01 23:53:30.216346",NULL,NULL
"-1","TANGRAM","7","3ML001","3MLOGIST","3M LOGISTICS                  ",52299,"ACCOUNTS PAYABLE         ","US","2137266367","+1 (213) 726-6367","    ","US","","","    ","725","TW ","TX*1","4 ",True,False,False,"    ","         ","1998-10-09 00:00:00","$370.00","2001-10-05 00:00:00","2000-03-14 00:00:00","2000-03-14 00:00:00","$4,669.19","$0.00","$0.00","   ","P",True,False,"N","O"," ","A","W","2001-04-30 00:00:00",False,False,"$0.00","$0.00","$0.00",NULL,"                        ",False,False,"0",NULL,NULL,NULL,"S","S","C","S","S",False,"      ","      ","S",False,False," ",NULL,"100",NULL,NULL,"          "," ","N",True,"","",1,False,"2018-04-03 00:00:00",False," ",False,False,NULL,"3M LOGISTICS                  ","TANGRAM-AR_CUSTOMERS-7-1","2025-05-01 23:53:30.216346",NULL,NULL
"-1","TANGRAM","2","3ML002","3MLOGIST","3M LOGISTICS                  ",50705,"ACCOUNTS PAYABLE         ","US","9099743061","+1 (909) 974-3061","    ","US","9099743080","+1 (909) 974-3080","    ","725","TW ","CERT","4 ",True,False,False,"    ","         ","2000-02-10 00:00:00","$2,500.00",NULL,NULL,NULL,"$0.00","$0.00","$0.00","   ","P",True,True,"N","O","A","A","W",NULL,False,False,"$0.00","$0.00","$0.00",NULL,"                        ",False,False,"0",NULL,NULL,NULL,"S","S","C","S","S",False,"      ","      ","S",False,False," ",NULL,"100",NULL,NULL,"          "," ","N",True,"","",3,False,"2025-01-23 00:00:00",False," ",False,False,NULL,"3M LOGISTICS                  ","TANGRAM-AR_CUSTOMERS-2-3","2025-05-01 23:53:30.216346",NULL,NULL
"-1","TANGRAM","7","3ML002","3MLOGIST","3M LOGISTICS                  ",52300,"ACCOUNTS PAYABLE         ","US","9099743061","+1 (909) 974-3061","    ","US","9099743080","+1 (909) 974-3080","    ","725","AF ","TX*1","4 ",True,False,False,"    ","         ","2000-01-11 00:00:00","$2,500.00",NULL,NULL,NULL,"$0.00","$0.00","$0.00","   ","P",True,True,"N","O"," ","A","W",NULL,False,False,"$0.00","$0.00","$0.00",NULL,"                        ",False,False,"0",NULL,NULL,NULL,"S","S","C","S","S",False,"      ","      ","S",False,False," ",NULL,"100",NULL,NULL,"          "," ","N",True,"","",2,False,"2018-04-03 00:00:00",False," ",False,False,NULL,"3M LOGISTICS                  ","TANGRAM-AR_CUSTOMERS-7-2","2025-05-01 23:53:30.216346",NULL,NULL
"-1","TANGRAM","1","3MU001","3MUNITEK","3M Unitek Corporation",39816,"ACCOUNTS PAYABLE         ","US","6265744000","+1 (626) 574-4000","    ","US","6265744817","+1 (626) 574-4817","    ","999","BG ","CERT","11",True,False,False,"    ","8256356  ","2000-01-06 00:00:00","$2,500.00","2003-02-13 00:00:00","2013-02-28 00:00:00","2000-05-19 00:00:00","$28,448.35","$0.00","$0.00","   ","C",True,True,"N","N","A","A","W","2000-12-27 00:00:00",False,False,"$0.00","$0.00","$0.00",NULL,"                        ",False,True,"139008",NULL,NULL,NULL,"S","S","C","S","S",False,"      ","      ","S",False,False," ",NULL,"100",NULL,NULL,"          "," ","N",True,"","",11,False,"2025-01-01 00:00:00",False," ",False,False,NULL,"3M Unitek Corporation","TANGRAM-AR_CUSTOMERS-1-11","2025-05-01 23:53:30.216346",NULL,NULL
"-1","TANGRAM","1","4     ","TANGRAM ","TANGRAM MASTER TYPICALS",39817,"","US","","","    ","US","","","    ","999","TW ","CERT","0 ",False,True,False,"    ","         ","2007-06-20 00:00:00","$0.01",NULL,NULL,NULL,"$0.00","$0.00","$0.00","   ","C",True,False,"N","N","N","A","W",NULL,False,False,"$0.00","$0.00","$0.00",NULL,"",False,False,"162880","A ",NULL,NULL,"S","S","C","S","S",False,"      ","      ","L",True,False,"",NULL,"100",NULL,NULL,"          ","","N",True,"","",6940,False,"2025-01-01 00:00:00",False," ",False,False,NULL,"TANGRAM MASTER TYPICALS","TANGRAM-AR_CUSTOMERS-1-6940","2025-05-01 23:53:30.216346",NULL,NULL
"-1","TANGRAM","1","4CG862","4CGROUP ","The 4C Group",918446,"","  ","","","    ","  "," ","","    ","192","BG ","CERT","F ",True,True,False,"    ","74283034 ","2023-02-02 00:00:00","$11,763.66",NULL,"2024-12-10 00:00:00","2023-09-28 00:00:00","$16,533.40","$0.00","$12,243.08","   ","C",True,True,"N","N","A","A","W",NULL,False,False,"$0.00","$0.00","$0.00",NULL,"",False,False,"41779944",NULL,NULL,NULL,"S","S","C","S","S",False,"      ","      ","S",False,False,"",NULL,"100","B02N","C","          "," ","N",False," "," ",12414,False,"2025-01-01 00:00:00",False,"\\Powervault\files\1Co  1 PROJECT FOLDER FILES\1_4CG862",False,True,NULL,"The 4C Group","TANGRAM-AR_CUSTOMERS-1-12414","2025-05-01 23:53:30.216346",NULL,NULL
"-1","TANGRAM","S","4EA555","4EARTHFA","4 Earth Farms  Inc.",544461," ","  "," ","","    ","  "," ","","    ","999","MP ","CERT","11",False,False,False,"    ","806726261","2018-07-30 00:00:00","$2,500.00","2018-11-26 00:00:00","2018-08-07 00:00:00","2018-08-07 00:00:00","$220.00","$0.00","$0.00","   ","M",True,False,"N","O","A","A","W",NULL,False,False,"$0.00","$0.00","$0.00",NULL," ",False,True,"15568487",NULL,NULL,NULL,"S","S","C","S","S",False,"      ","      ","S",False,False," ",NULL,"100","T018","C","          "," ","N",False," "," ",322,False,"2025-01-01 00:00:00",False,"\\Powervault\files\3Co S PROJECT FOLDER FILES\S_4EA555",False,False,NULL,"4Earth Farms","TANGRAM-AR_CUSTOMERS-S-322","2025-05-01 23:53:30.216346",NULL,NULL
"-1","TANGRAM","1","4TH001","4THWAVEI","4TH WAVE IMAGING              ",39818,"ACCOUNTS PAYABLE         ","US","9499169787","+1 (949) 916-9787","    ","US","9499169786","+1 (949) 916-9786","    ","900","LU ","CERT","0 ",True,True,False,"    ","         ","2002-10-22 00:00:00","$3,000.00","2002-11-27 00:00:00","2002-12-02 00:00:00","2002-12-02 00:00:00","$2,052.17","$0.00","$0.00","   ","C",True,False,"N","N","A","A","W",NULL,False,False,"$0.00","$0.00","$0.00",NULL,"                        ",False,True,"19642503",NULL,NULL,NULL,"S","S","C","S","S",False,"      ","      ","S",False,False,"                                        ",NULL,"100",NULL,NULL,"          "," ","N",True,"","",12,False,"2025-01-01 00:00:00",False," ",False,False,NULL,"4TH WAVE IMAGING              ","TANGRAM-AR_CUSTOMERS-1-12","2025-05-01 23:53:30.216346",NULL,NULL
"-1","TANGRAM","1","5     ","TANGRAM ","TANGRAM",39819," ","  ","5623655000","5623655000","    ","  ","5623655329","5623655329","    ","999","TW ","RESA","4 ",True,True,False,"    ","120878152","2010-01-14 00:00:00","$0.00","2021-10-29 00:00:00","2021-12-29 00:00:00","2019-09-18 00:00:00","$97,083.92","$0.00","$0.00","   ","C",True,True,"N","N","A","A","W",NULL,False,False,"$0.00","$0.00","$0.00",NULL," ",False,False,"162880",NULL,NULL,NULL,"S","S","C","S","S",False,"      ","      ","S",False,False," ",NULL,"100",NULL,NULL,"          "," ","N",True," "," ",7905,False,"2025-01-01 00:00:00",False," ",False,False,NULL,"Tangram Flooring","TANGRAM-AR_CUSTOMERS-1-7905","2025-05-01 23:53:30.216346",NULL,NULL
"-1","TANGRAM","D","52M451","52MANAGE","52 Management, LP",972402,"","  ","","","    ","  "," ","","    ","ASE","BG ","CERT","F ",True,True,False,"    ","64030087 ","2023-10-12 00:00:00","$20,000.00",NULL,"2024-01-11 00:00:00","2024-01-11 00:00:00","$18,766.21","$0.00","$17,335.96","   ","C",True,False,"N","O","A","A","W",NULL,False,False,"$0.00","$0.00","$0.00",NULL,"",False,False,"41745351",NULL,NULL,NULL,"S","S","C","S","S",False,"      ","      ","S",False,False,"",NULL,"100","Q04A","C","          "," ","N",False," "," ",411,False,"2025-01-01 00:00:00",False,"\\powervault\files\1Co DALLAS PROJECT FOLDERS\D_52M451",False,False,NULL,"52 Management","TANGRAM-AR_CUSTOMERS-D-411","2025-05-01 23:53:30.216346",NULL,NULL
"-1","TANGRAM","1","5AB003","KAISER  ","Kaiser - San Diego Region",39820,"Accounts Payable","  ","","","    ","  ","","","    ","900","MP ","CERT","11",False,True,False,"    ","111172776","2013-07-01 00:00:00","$0.00","2014-12-07 00:00:00","2014-09-16 00:00:00","2014-05-30 00:00:00","$31,244.86","$0.00","$0.00","   ","C",True,True,"N","O","A","A","W",NULL,False,False,"$0.00","$0.00","$0.00",NULL," ",False,True,"0","K1",NULL,NULL,"S","S","C","S","S",False,"      ","      ","S",False,False,"KP-AP-Invoice@kp.org",NULL,"100","H897","C","          "," ","N",True," "," ",9450,True,"2025-01-01 00:00:00",False," ",False,False,NULL,"Kaiser - San Diego Region","TANGRAM-AR_CUSTOMERS-1-9450","2025-05-01 23:53:30.216346",NULL,NULL
"-1","TANGRAM","1","5AB004","KAISER  ","Kaiser -Metro LA",39821,"Accounts Payable","  ","","","    ","  ","","","    ","725","MP ","CERT","11",False,True,False,"    ","847322922","2013-07-01 00:00:00","$0.00","2016-10-30 00:00:00","2016-11-10 00:00:00","2015-05-05 00:00:00","$19,630.86","$0.00","$0.00","   ","C",True,True,"N","O","A","A","W",NULL,False,False,"$0.00","$0.00","$0.00",NULL," ",False,True,"16503080","K1",NULL,NULL,"S","S","C","S","S",False,"      ","      ","S",False,False,"KP-AP-Invoice@kp.org",NULL,"100","H897","C","          "," ","N",True," "," ",9452,True,"2025-01-01 00:00:00",False," ",False,False,NULL,"Kaiser -Metro LA","TANGRAM-AR_CUSTOMERS-1-9452","2025-05-01 23:53:30.216346",NULL,NULL
"-1","TANGRAM","1","5AB005","KAISER  ","Kaiser Orange County Region",39822,"Accounts Payable","  ","7145725700","7145725700","    ","  ","","","    ","725","MP ","CERT","11",False,True,False,"    ","884026212","2013-07-01 00:00:00","$0.00","2014-12-31 00:00:00","2015-02-05 00:00:00","2014-12-27 00:00:00","$11,392.98","$0.00","$0.00","   ","C",True,True,"N","O","A","A","W",NULL,False,False,"$0.00","$0.00","$0.00",NULL," ",False,True,"14041711","K1",NULL,NULL,"S","S","C","S","S",False,"      ","      ","S",False,False," ",NULL,"100",NULL,NULL,"          "," ","N",True," "," ",9453,True,"2025-01-01 00:00:00",False," ",False,False,NULL,"Kaiser Orange County Region","TANGRAM-AR_CUSTOMERS-1-9453","2025-05-01 23:53:30.216346",NULL,NULL
"-1","TANGRAM","1","5AB006","KAISER  ","Kaiser  Valley South",39823,"Accounts Payable","US","8183752000","+1 (818) 375-2000","    ","US","","","    ","725","BG ","CERT","T ",True,True,False,"    ","74142431 ","2013-07-01 00:00:00","$0.00","2017-11-19 00:00:00","2020-07-06 00:00:00","2014-07-29 00:00:00","$184,309.06","$0.00","$0.00","   ","C",True,True,"N","O","A","A","W",NULL,False,False,"$0.00","$0.00","$0.00",NULL," ",False,False,"20989639","K1",NULL,NULL,"S","S","C","S","S",False,"      ","      ","S",False,False," ",NULL,"100",NULL,NULL,"          "," ","N",True," "," ",9454,True,"2025-01-01 00:00:00",False," ",False,False,NULL,"Kaiser  Valley South","TANGRAM-AR_CUSTOMERS-1-9454","2025-05-01 23:53:30.216346",NULL,NULL
"-1","TANGRAM","1","5AB007","KAISER  ","Kaiser-Regional",39824,"Accounts Payable","  ","9093957992","9093957992","    ","  ","","","    ","725","MP ","CERT","11",False,True,False,"    ","25075263 ","2013-07-01 00:00:00","$0.00","2015-03-10 00:00:00","2015-03-31 00:00:00","2014-12-23 00:00:00","$140,630.88","$0.00","$0.00","   ","C",True,True,"N","O","A","A","W",NULL,False,False,"$0.00","$0.00","$0.00",NULL," ",False,True,"15743524","K1",NULL,NULL,"S","S","C","S","S",False,"      ","      ","S",False,False," ",NULL,"100",NULL,NULL,"          "," ","N",True," "," ",9455,True,"2025-01-01 00:00:00",False," ",False,False,NULL,"Kaiser-Regional","TANGRAM-AR_CUSTOMERS-1-9455","2025-05-01 23:53:30.216346",NULL,NULL
"-1","TANGRAM","1","5AB008","KAISER  ","Kaiser Foundation Hospitals",39825,"Accounts Payable","  ","9094275000","9094275000","    ","  ","","","    ","539","MP ","CERT","11",False,True,False,"    ","106030968","2013-07-01 00:00:00","$0.00","2014-12-31 00:00:00","2015-05-08 00:00:00","2014-10-29 00:00:00","$15,327.93","$0.00","$0.00","   ","C",True,True,"N","O","A","A","W",NULL,False,False,"$0.00","$0.00","$0.00",NULL," ",False,True,"15231578","K1",NULL,NULL,"S","S","C","S","S",False,"      ","      ","S",False,False," ",NULL,"100",NULL,NULL,"          "," ","N",True," "," ",9457,True,"2025-01-01 00:00:00",False," ",False,False,NULL,"Kaiser Foundation Hospitals","TANGRAM-AR_CUSTOMERS-1-9457","2025-05-01 23:53:30.216346",NULL,NULL
"-1","TANGRAM","1","5AB009","KAISER  ","Kaiser-TriCentral",39826,"Accounts Payable","  ","5626224190","5626224190","    ","  ","","","    ","725","MP ","CERT","11",False,True,False,"    ","603890968","2013-07-01 00:00:00","$0.00","2014-12-31 00:00:00","2015-12-16 00:00:00","2014-11-26 00:00:00","$280,417.58","$0.00","$0.00","   ","C",True,True,"N","O","A","A","W",NULL,False,False,"$0.00","$0.00","$0.00",NULL," ",False,True,"26428518","K1",NULL,NULL,"S","S","C","S","S",False,"      ","      ","S",False,False," ",NULL,"100",NULL,NULL,"          "," ","N",True," "," ",9458,True,"2025-01-01 00:00:00",False," ",False,False,NULL,"Kaiser-TriCentral","TANGRAM-AR_CUSTOMERS-1-9458","2025-05-01 23:53:30.216346",NULL,NULL
"-1","TANGRAM","1","5AB010","KAISER  ","Kaiser - Inland Empire",39827,"Accounts Payable","  ","9517394733","9517394733","    ","  ","","","    ","539","MP ","CERT","11",False,True,False,"    ","963382960","2013-07-02 00:00:00","$0.00","2014-08-04 00:00:00","2014-11-24 00:00:00","2014-06-27 00:00:00","$32,353.38","$0.00","$0.00","   ","C",True,True,"N","O","A","A","W",NULL,False,False,"$0.00","$0.00","$0.00",NULL," ",False,True,"34218853","K1",NULL,NULL,"S","S","C","S","S",False,"      ","      ","S",False,False," ",NULL,"100",NULL,NULL,"          "," ","N",True," "," ",9469,True,"2025-01-01 00:00:00",False," ",False,False,NULL,"Kaiser - Inland Empire","TANGRAM-AR_CUSTOMERS-1-9469","2025-05-01 23:53:30.216346",NULL,NULL
"-1","TANGRAM","1","5AI010","KAISER  ","Kaiser Foundation",39828,"Accounts Payable","  ","8005374776","8005374776","    ","  ","","","    ","725","MP ","CERT","T ",True,True,False,"    ","150829349","2013-07-01 00:00:00","$0.00",NULL,NULL,NULL,"$0.00","$0.00","$0.00","   ","C",True,True,"N","O","A","A","W",NULL,False,False,"$0.00","$0.00","$0.00",NULL," ",False,False,"15994856","K1",NULL,NULL,"S","S","C","S","S",False,"      ","      ","S",False,False," ",NULL,"100",NULL,NULL,"          "," ","N",True," "," ",9447,True,"2025-01-01 00:00:00",False," ",False,False,NULL,"Kaiser Foundation","TANGRAM-AR_CUSTOMERS-1-9447","2025-05-01 23:53:30.216346",NULL,NULL
"-1","TANGRAM","1","5AI011","KAISER  ","Kaiser- Employee Purchases",39829,"Accounts Payable","  ","3237838340","3237838340","    ","  ","","","    ","725","MP ","CERT","11",False,True,False,"    ","799997353","2013-07-01 00:00:00","$0.00","2014-01-17 00:00:00","2014-01-13 00:00:00","2014-01-13 00:00:00","$103.97","$0.00","$0.00","   ","C",True,True,"N","O","A","A","W",NULL,False,False,"$0.00","$0.00","$0.00",NULL," ",False,True,"16427029","K1",NULL,NULL,"S","S","C","S","S",False,"      ","      ","S",False,False," ",NULL,"100",NULL,NULL,"          "," ","N",True," "," ",9459,True,"2025-01-01 00:00:00",False," ",False,False,NULL,"Kaiser- Employee Purchases","TANGRAM-AR_CUSTOMERS-1-9459","2025-05-01 23:53:30.216346",NULL,NULL
"-1","TANGRAM","1","5AI100","KAISER  ","Kaiser Foundation Health Plan",39830,"Accounts Payable","  ","5109872893","5109872893","    ","  ","","","    ","650","MP ","CERT","11",False,True,False,"    ","799452040","2013-07-02 00:00:00","$0.00","2018-01-02 00:00:00","2018-04-09 00:00:00","2014-11-06 00:00:00","$32,810.98","$0.00","$0.00","   ","C",True,True,"N","N","A","A","W",NULL,False,False,"$0.00","$0.00","$0.00",NULL," ",False,True,"13834710","K1",NULL,NULL,"S","S","C","S","S",False,"      ","      ","S",False,False," ",NULL,"100",NULL,NULL,"          "," ","N",True," "," ",9467,True,"2025-01-01 00:00:00",False," ",False,False,NULL,"Kaiser Foundation Health Plan","TANGRAM-AR_CUSTOMERS-1-9467","2025-05-01 23:53:30.216346",NULL,NULL
"-1","TANGRAM","1","5AM003","KAISER  ","Kaiser - Inland  Empire",39831,"Accounts Payable","US","9094275000","+1 (909) 427-5000","    ","US","","","    ","539","MP ","CERT","T ",True,True,False,"    ","40520025 ","2013-07-01 00:00:00","$0.00","2018-01-31 00:00:00","2020-11-30 00:00:00","2014-12-05 00:00:00","$40,574.55","$0.00","$0.00","   ","C",True,True,"N","O","A","A","W",NULL,False,True,"$5,579.57","$7,482.75","$0.00",NULL," ",False,False,"14158930","K1",NULL,NULL,"S","S","C","S","S",False,"      ","      ","S",False,False," ",NULL,"100",NULL,NULL,"          "," ","N",True," "," ",9441,True,"2025-01-01 00:00:00",False," ",False,False,NULL,"Kaiser - Inland  Empire","TANGRAM-AR_CUSTOMERS-1-9441","2025-05-01 23:53:30.216346",NULL,NULL
"-1","TANGRAM","1","5AM004","KAISER  ","Kaiser Inland Empire",39832,"Accounts Payable","  ","9513532000","9513532000","    ","  ","","","    ","539","MP ","CERT","11",False,True,False,"    ","604384255","2013-07-01 00:00:00","$0.00","2018-01-31 00:00:00","2018-04-10 00:00:00","2017-03-24 00:00:00","$53,456.30","$0.00","$0.00","   ","C",True,True,"N","O","A","A","W",NULL,False,True,"$2,011.90","$2,141.04","$0.00",NULL," ",False,True,"15373999","K1",NULL,NULL,"S","S","C","S","S",False,"      ","      ","S",False,False," ",NULL,"100",NULL,NULL,"          "," ","N",True," "," ",9445,True,"2025-01-01 00:00:00",False," ",False,False,NULL,"Kaiser Inland Empire","TANGRAM-AR_CUSTOMERS-1-9445","2025-05-01 23:53:30.216346",NULL,NULL
"-1","TANGRAM","1","5AM006","KAISER  ","Kaiser - Metro LA",39833,"Accounts Payable","US","3238572000","+1 (323) 857-2000","    ","US","","","    ","725","BG ","CERT","T ",True,True,False,"    ","74129107 ","2013-07-01 00:00:00","$0.00","2018-01-31 00:00:00","2020-11-30 00:00:00","2015-12-30 00:00:00","$36,928.29","$0.00","$0.00","   ","C",True,True,"N","O","A","A","W",NULL,False,True,"$3,754.12","$4,921.33","$0.00",NULL," ",False,False,"13927793","K1",NULL,NULL,"S","S","C","S","S",False,"      ","      ","S",False,False," ",NULL,"100",NULL,NULL,"          "," ","N",True," "," ",9461,True,"2025-01-01 00:00:00",False," ",False,False,NULL,"Kaiser - Metro LA","TANGRAM-AR_CUSTOMERS-1-9461","2025-05-01 23:53:30.216346",NULL,NULL
"-1","TANGRAM","1","5AM008","KAISER  ","Kaiser - OC Region",39834,"Accounts Payable","US","","","    ","US","","","    ","725","MP ","CERT","T ",True,True,False,"    ","39498316 ","2013-07-01 00:00:00","$0.00","2017-12-20 00:00:00","2018-02-05 00:00:00","2015-02-27 00:00:00","$20,124.26","$0.00","$0.00","   ","C",True,True,"N","O","A","A","W",NULL,False,True,"$273.63","$2,726.22","$0.00",NULL," ",False,False,"332812","K1",NULL,NULL,"S","S","C","S","S",False,"      ","      ","S",False,False," ",NULL,"100",NULL,NULL,"          "," ","N",True," "," ",9440,True,"2025-01-01 00:00:00",False," ",False,False,NULL,"Kaiser - OC Region","TANGRAM-AR_CUSTOMERS-1-9440","2025-05-01 23:53:30.216346",NULL,NULL
"-1","TANGRAM","1","5AM009","KAISER  ","Kaiser- San Diego Med Ctr",39835,"Accounts Payable","  ","8668582226","8668582226","    ","  ","","","    ","539","BG ","CERT","11",False,True,True,"    ","20515730 ","2013-07-01 00:00:00","$0.00","2022-12-31 00:00:00","2018-10-24 00:00:00","2018-03-27 00:00:00","$79,076.55","$0.00","$0.00","   ","C",True,True,"N","O","A","A","W",NULL,False,True,"$1,427.59","$1,489.54","$0.00",NULL," ",False,True,"14994422","K1",NULL,NULL,"S","S","C","S","S",False,"      ","      ","S",False,False," ",NULL,"100",NULL,NULL,"          "," ","N",True," "," ",9443,True,"2025-01-01 00:00:00",False," ",False,False,NULL,"Kaiser- San Diego Med Ctr","TANGRAM-AR_CUSTOMERS-1-9443","2025-05-01 23:53:30.216346",NULL,NULL
"-1","TANGRAM","1","5AM010","KAISER  ","Kaiser  San Diego Region",39836,"Accounts Payable","  ","6195287012","6195287012","    ","  ","","","    ","900","MP ","CERT","11",False,True,False,"    ","963380907","2013-07-02 00:00:00","$0.00","2017-04-28 00:00:00","2017-03-30 00:00:00","2014-02-10 00:00:00","$2,905.44","$0.00","$0.00","   ","C",True,True,"N","O","A","A","W",NULL,False,False,"$0.00","$0.00","$0.00",NULL," ",False,True,"34218652","K1",NULL,NULL,"S","S","C","S","S",False,"      ","      ","S",False,False," ",NULL,"100",NULL,NULL,"          "," ","N",True," "," ",9468,True,"2025-01-01 00:00:00",False," ",False,False,NULL,"Kaiser  San Diego Region","TANGRAM-AR_CUSTOMERS-1-9468","2025-05-01 23:53:30.216346",NULL,NULL
"-1","TANGRAM","1","5AM011","KAISER  ","Kaiser - TriCentral",39837,"Accounts Payable","US","6268511011","+1 (626) 851-1011","    ","US","","","    ","725","MP ","CERT","T ",True,True,False,"    ","0        ","2013-07-02 00:00:00","$0.00","2018-01-18 00:00:00","2018-05-14 00:00:00","2015-05-26 00:00:00","$22,817.46","$0.00","$0.00","   ","C",True,True,"N","O","A","A","W",NULL,False,True,"$266.54","$266.54","$0.00",NULL," ",False,False,"19511668","K1",NULL,NULL,"S","S","C","S","S",False,"      ","      ","S",False,False," ",NULL,"100",NULL,NULL,"          "," ","N",True," "," ",9466,True,"2025-01-01 00:00:00",False," ",False,False,NULL,"Kaiser - TriCentral","TANGRAM-AR_CUSTOMERS-1-9466","2025-05-01 23:53:30.216346",NULL,NULL
"-1","TANGRAM","1","5AM012","KAISER  ","Kaiser - Tri Central",39838,"Accounts Payable","US","5624613000","+1 (562) 461-3000","    ","US","","","    ","725","MP ","CERT","T ",True,True,False,"    ","63836480 ","2013-07-01 00:00:00","$0.00","2018-01-11 00:00:00","2018-03-07 00:00:00","2016-12-21 00:00:00","$5,684.29","$0.00","$0.00","   ","C",True,True,"N","O","A","A","W",NULL,False,False,"$0.00","$0.00","$0.00",NULL," ",False,False,"15836020","K1",NULL,NULL,"S","S","C","S","S",False,"      ","      ","S",False,False," ",NULL,"100",NULL,NULL,"          "," ","N",True," "," ",9444,True,"2025-01-01 00:00:00",False," ",False,False,NULL,"Kaiser - Tri Central","TANGRAM-AR_CUSTOMERS-1-9444","2025-05-01 23:53:30.216346",NULL,NULL
"-1","TANGRAM","1","5AM013","KAISER  ","Kaiser - TriCentral",39839,"Accounts Payable","US","3103255111","+1 (310) 325-5111","    ","US","","","    ","725","MP ","CERT","T ",True,True,False,"    ","98384241 ","2013-07-01 00:00:00","$0.00","2018-01-11 00:00:00","2019-02-15 00:00:00","2015-03-11 00:00:00","$19,886.76","$0.00","$0.00","   ","C",True,True,"N","O","A","A","W",NULL,False,True,"$495.09","$495.09","$0.00",NULL," ",False,False,"15567551","K1",NULL,NULL,"S","S","C","S","S",False,"      ","      ","S",False,False," ",NULL,"100",NULL,NULL,"          "," ","N",True," "," ",9463,True,"2025-01-01 00:00:00",False," ",False,False,NULL,"Kaiser - TriCentral","TANGRAM-AR_CUSTOMERS-1-9463","2025-05-01 23:53:30.216346",NULL,NULL
"-1","TANGRAM","1","5AM014","KAISER  ","Kaiser - Imperial Satellite",39840,"Accounts Payable","US","5626579000","+1 (562) 657-9000","    ","US","","","    ","725","MP ","CERT","T ",True,True,False,"    ","39828079 ","2013-07-02 00:00:00","$0.00","2018-04-09 00:00:00","2020-07-06 00:00:00","2014-12-27 00:00:00","$19,791.52","$0.00","$0.00","   ","C",True,True,"N","O","A","A","W",NULL,False,True,"$485.66","$1,617.72","$0.00",NULL," ",False,False,"35472170","K1",NULL,NULL,"S","S","C","S","S",False,"      ","      ","S",False,False," ",NULL,"100",NULL,NULL,"          "," ","N",True," "," ",9465,True,"2025-01-01 00:00:00",False," ",False,False,NULL,"Kaiser - Imperial Satellite","TANGRAM-AR_CUSTOMERS-1-9465","2025-05-01 23:53:30.216346",NULL,NULL
"-1","TANGRAM","1","5AM015","KAISER  ","Kasier/Valley South",39841,"Accounts Payable","US","8183752000","+1 (818) 375-2000","    ","US","","","    ","725","MP ","CERT","T ",True,True,False,"    ","74142431 ","2013-07-01 00:00:00","$0.00","2015-08-22 00:00:00","2016-11-10 00:00:00","2015-01-21 00:00:00","$11,026.48","$0.00","$0.00","   ","C",True,True,"N","O","A","A","W",NULL,False,True,"$52.90","$213.16","$0.00",NULL," ",False,False,"20989639","K1",NULL,NULL,"S","S","C","S","S",False,"      ","      ","S",False,False," ",NULL,"100",NULL,NULL,"          "," ","N",True," "," ",9442,True,"2025-01-01 00:00:00",False," ",False,False,NULL,"Kasier/Valley South","TANGRAM-AR_CUSTOMERS-1-9442","2025-05-01 23:53:30.216346",NULL,NULL
"-1","TANGRAM","1","5AM016","KAISER  ","Kaiser Valley South",39842,"Accounts Payable","US","8187192000","+1 (818) 719-2000","    ","US","","","    ","725","MP ","CERT","T ",True,True,False,"    ","174476481","2013-07-01 00:00:00","$0.00","2017-11-30 00:00:00","2020-07-06 00:00:00","2015-08-28 00:00:00","$21,272.63","$0.00","$0.00","   ","C",True,True,"N","O","A","A","W",NULL,False,True,"$4,545.14","$4,898.02","$0.00",NULL," ",False,False,"13834765","K1",NULL,NULL,"S","S","C","S","S",False,"      ","      ","S",False,False," ",NULL,"100",NULL,NULL,"          "," ","N",True," "," ",9439,True,"2025-01-01 00:00:00",False," ",False,False,NULL,"Kaiser Valley South","TANGRAM-AR_CUSTOMERS-1-9439","2025-05-01 23:53:30.216346",NULL,NULL
"-1","TANGRAM","1","5AM017","KAISER  ","Kaiser Foundation Hospitals",39843,"Accounts Payable","  ","6613342020","6613342020","    ","  ","","","    ","638","MP ","CERT","11",False,True,False,"    ","143675820","2013-07-01 00:00:00","$0.00","2017-12-20 00:00:00","2018-07-18 00:00:00","2014-12-27 00:00:00","$26,511.67","$0.00","$0.00","   ","C",True,True,"N","O","A","A","W",NULL,False,False,"$0.00","$0.00","$0.00",NULL," ",False,True,"23394088","K1",NULL,NULL,"S","S","C","S","S",False,"      ","      ","S",False,False," ",NULL,"100",NULL,NULL,"          "," ","N",True," "," ",9460,True,"2025-01-01 00:00:00",False," ",False,False,NULL,"Kaiser Foundation Hospitals","TANGRAM-AR_CUSTOMERS-1-9460","2025-05-01 23:53:30.216346",NULL,NULL
"-1","TANGRAM","1","5AM018","KAISER  ","Kaiser Foundation Health Plan",39844,"Accounts Payable","  ","6264055000","6264055000","    ","  ","","","    ","725","BG ","CERT","11",False,True,False,"    ","60386117 ","2013-07-01 00:00:00","$0.00","2018-01-11 00:00:00","2018-01-17 00:00:00","2014-12-19 00:00:00","$23,962.49","$0.00","$0.00","   ","C",True,True,"N","O","A","A","W",NULL,False,True,"$1,882.89","$2,154.92","$0.00",NULL," ",False,True,"20625371","K1",NULL,NULL,"S","S","C","S","S",False,"      ","      ","S",False,False," ",NULL,"100",NULL,NULL,"          "," ","N",True," "," ",9462,True,"2025-01-01 00:00:00",False," ",False,False,NULL,"Kaiser Foundation Health Plan","TANGRAM-AR_CUSTOMERS-1-9462","2025-05-01 23:53:30.216346",NULL,NULL
"-1","TANGRAM","1","5AM019","KAISER  ","Kaiser - Non Scase",39845,"Accounts Payable","  ","8185036900","8185036900","    ","  ","","","    ","725","MP ","CERT","11",False,True,False,"    ","783872682","2013-07-01 00:00:00","$0.00","2017-08-30 00:00:00","2017-10-13 00:00:00","2015-10-09 00:00:00","$2,033.74","$0.00","$0.00","   ","C",True,True,"N","O","A","A","W",NULL,False,False,"$0.00","$0.00","$0.00",NULL," ",False,True,"16372377","K1",NULL,NULL,"S","S","C","S","S",False,"      ","      ","S",False,False," ",NULL,"100",NULL,NULL,"          "," ","N",True," "," ",9448,True,"2025-01-01 00:00:00",False," ",False,False,NULL,"Kaiser - Non Scase","TANGRAM-AR_CUSTOMERS-1-9448","2025-05-01 23:53:30.216346",NULL,NULL
"-1","TANGRAM","1","5AM020","KAISER  ","Kaiser Foundation Hospitals",39846,"Accounts Payable","  ","8662062986","8662062986","    ","  ","","","    ","725","MP ","CERT","11",False,True,False,"    ","0        ","2013-07-01 00:00:00","$0.00",NULL,"2017-06-19 00:00:00","2017-06-19 00:00:00","$4,822.83","$0.00","$0.00","   ","C",True,True,"N","O","A","A","W",NULL,False,False,"$0.00","$0.00","$0.00",NULL," ",False,True,"15959833","K1",NULL,NULL,"S","S","C","S","S",False,"      ","      ","S",False,False," ",NULL,"100",NULL,NULL,"          "," ","N",True," "," ",9446,True,"2025-01-01 00:00:00",False," ",False,False,NULL,"Kaiser Foundation Hospitals","TANGRAM-AR_CUSTOMERS-1-9446","2025-05-01 23:53:30.216346",NULL,NULL
"-1","TANGRAM","1","5AP005","KAISER  ","Kaiser Foundation Hospitals",39847,"Accounts Payable","US","3237838442","+1 (323) 783-8442","    ","US","","","    ","725","MP ","CERT","T ",True,True,False,"    ","147384106","2013-07-01 00:00:00","$0.00",NULL,NULL,NULL,"$0.00","$0.00","$0.00","   ","C",True,True,"N","O","A","A","W",NULL,False,False,"$0.00","$0.00","$0.00",NULL," ",False,False,"23806126","K1",NULL,NULL,"S","S","C","S","S",False,"      ","      ","S",False,False," ",NULL,"100",NULL,NULL,"          "," ","N",True," "," ",9464,True,"2025-01-01 00:00:00",False," ",False,False,NULL,"Kaiser Foundation Hospitals","TANGRAM-AR_CUSTOMERS-1-9464","2025-05-01 23:53:30.216346",NULL,NULL
"-1","TANGRAM","1","5AW08 ","KPMEDCAR","Kaiser Foundation Health Plan",39848,"Accounts Payable","  ","","","    ","  ","","","    ","725","MP ","CERT","11",False,True,False,"    ","71695183 ","2013-06-26 00:00:00","$50,000.00",NULL,"2015-07-23 00:00:00","2015-07-23 00:00:00","$1,689.42","$0.00","$0.00","   ","C",True,True,"N","O","A","A","W",NULL,False,False,"$0.00","$0.00","$0.00",NULL," ",False,True,"5215148","K1",NULL,NULL,"S","S","C","S","S",False,"      ","      ","S",False,False,"kp-ap-invoice@kp.org",NULL,"100","H897","C","          "," ","N",True," "," ",9431,True,"2025-01-01 00:00:00",False," ",False,False,NULL,"Kaiser Foundation Health Plan","TANGRAM-AR_CUSTOMERS-1-9431","2025-05-01 23:53:30.216346",NULL,NULL
"-1","TANGRAM","1","5DE001","5DESIGN ","5 Design Inc.",39849,"Diana Park","US","3233083558","+1 (323) 308-3558","    ","US","","","    ","999","LU ","CERT","0 ",True,True,False,"8712","789480246","2007-06-13 00:00:00","$11,000.00",NULL,"2007-08-09 00:00:00","2007-08-09 00:00:00","$10,722.64","$0.00","$0.00","ds ","C",True,True,"N","N","A","A","W","2008-06-13 00:00:00",False,False,"$0.00","$0.00","$0.00",NULL,"",False,True,"28520879",NULL,NULL,NULL,"S","S","C","S","S",False,"      ","      ","S",False,False,"",NULL,"100",NULL,NULL,"          ","","N",True,"","",6926,False,"2025-01-01 00:00:00",False," ",False,False,NULL,"5 Design Inc.","TANGRAM-AR_CUSTOMERS-1-6926","2025-05-01 23:53:30.216346",NULL,NULL
"-1","TANGRAM","1","62P001","62PARTNE","62 PARTNERS",39850,"ACCOUNTS PAYABLE","US","3102472430","+1 (310) 247-2430","    ","US","3102472434","+1 (310) 247-2434","    ","999","AS ","CERT","0 ",True,True,False,"    ","         ","2005-05-23 00:00:00","$3,000.00","2006-03-03 00:00:00","2006-01-20 00:00:00","2006-01-17 00:00:00","$2,530.45","$0.00","$0.00","   ","C",True,False,"N","N","A","A","W","2007-08-23 00:00:00",False,False,"$0.00","$0.00","$0.00",NULL,"",False,True,"0",NULL,NULL,NULL,"S","S","C","S","S",False,"      ","      ","S",False,False,"",NULL,"100",NULL,NULL,"          "," ","N",True,"","",14,False,"2025-01-01 00:00:00",False," ",False,False,NULL,"62 PARTNERS","TANGRAM-AR_CUSTOMERS-1-14","2025-05-01 23:53:30.216346",NULL,NULL
"-1","TANGRAM","2","707001","707WILSH","707 WILSHIRE TOWER            ",50706,"JOHN SPREBGELMEYER       ","US","2136142788","+1 (213) 614-2788","    ","US","2136142790","+1 (213) 614-2790","    ","725","BG ","CERT","4 ",True,False,False,"    ","         ","2000-05-24 00:00:00","$4,000.00","2000-09-01 00:00:00","2000-07-14 00:00:00","2000-07-14 00:00:00","$12,578.20","$0.00","$0.00","   ","P",False,True,"N","O","A","A","W",NULL,False,False,"$0.00","$0.00","$0.00",NULL,"                        ",False,False,"0",NULL,NULL,NULL,"S","S","C","S","S",False,"      ","      ","S",False,False," ",NULL,"100",NULL,NULL,"          "," ","N",True,"","",4,False,"2025-01-23 00:00:00",False," ",False,False,NULL,"707 WILSHIRE TOWER            ","TANGRAM-AR_CUSTOMERS-2-4","2025-05-01 23:53:30.216346",NULL,NULL
"-1","TANGRAM","2","777TOW","777TOWER","777 TOWER ASSOCIATES          ",50707,"LORI HOLZEM              ","US","2132363921","+1 (213) 236-3921","    ","US","2132363929","+1 (213) 236-3929","    ","700","TW ","CERT","C ",True,False,False,"    ","         ","1999-11-16 00:00:00","$0.00",NULL,NULL,"1998-12-22 00:00:00","$815.00","$0.00","$0.00","   ","C",False,True,"N","O","A","A","W",NULL,False,False,"$0.00","$0.00","$0.00",NULL,"                        ",False,False,"0",NULL,NULL,NULL,"S","S","C","S","S",False,"      ","      ","S",False,False," ",NULL,"100",NULL,NULL,"          "," ","N",True,"","",5,False,"2025-01-01 00:00:00",False," ",False,False,NULL,"777 TOWER ASSOCIATES          ","TANGRAM-AR_CUSTOMERS-2-5","2025-05-01 23:53:30.216346",NULL,NULL
"-1","TANGRAM","1","796001","7966BEVE","7966 Beverly, LLC",39851,"Accounts Payable  Ivy","US","323655800","+1 323655800","2515","US","3233308083","+1 (323) 330-8083","    ","525","BG ","CERT","1 ",True,True,False,"    ","         ","2011-03-11 00:00:00","$2,000.00","2011-05-13 00:00:00","2011-03-16 00:00:00","2011-03-16 00:00:00","$920.00","$0.00","$0.00","   ","C",True,True,"N","N","A","A","W","2011-05-12 00:00:00",False,False,"$0.00","$0.00","$0.00",NULL," ",False,False,"26496270",NULL,NULL,NULL,"S","S","C","S","S",False,"      ","      ","S",False,False," ",NULL,"100",NULL,NULL,"          "," ","N",True," "," ",8388,False,"2025-01-01 00:00:00",False," ",False,False,NULL,"7966 Beverly, LLC","TANGRAM-AR_CUSTOMERS-1-8388","2025-05-01 23:53:30.216346",NULL,NULL
"-1","TANGRAM","1","99DEMO","DEMO    ","TANGRAM DEMO ORDERS",39857," ","US","","","    ","US","","","    ","999","TW ","CERT","F ",False,False,False,"    ","         ","2010-03-18 00:00:00","$0.01",NULL,NULL,NULL,"$0.00","$0.00","$0.00","   ","C",True,False,"N","N","A","A","W","2010-03-18 00:00:00",False,False,"$0.00","$0.00","$0.00",NULL," ",False,False,"0",NULL,NULL,NULL,"S","S","C","S","S",False,"      ","      ","S",False,False," ",NULL,"100",NULL,NULL,"          "," ","N",True," "," ",7968,False,"2025-01-01 00:00:00",False," ",False,False,NULL,"TANGRAM DEMO ORDERS","TANGRAM-AR_CUSTOMERS-1-7968","2025-05-01 23:53:30.216346",NULL,NULL
"-1","TANGRAM","1","796002","7966BEVE","7966 Beverly, LLC",39852,"Accounts Payable  Ivy","US","323655800","+1 323655800","2515","US","3233308083","+1 (323) 330-8083","    ","525","BG ","CERT","1 ",True,True,False,"    ","         ","2011-03-11 00:00:00","$2,000.00","2011-05-13 00:00:00","2011-03-16 00:00:00","2011-03-16 00:00:00","$920.00","$0.00","$0.00","   ","C",True,True,"N","N","A","A","W","2011-05-12 00:00:00",False,False,"$0.00","$0.00","$0.00",NULL," ",False,False,"26496270",NULL,NULL,NULL,"S","S","C","S","S",False,"      ","      ","S",False,False," ",NULL,"100",NULL," ","          "," ","N",True," "," ",9137,False,"2025-01-01 00:00:00",False," ",False,False,NULL,"7966 Beverly, LLC","TANGRAM-AR_CUSTOMERS-1-9137","2025-05-01 23:53:30.216346",NULL,NULL
"-1","TANGRAM","1","7DA131","7DAZE   ","7 Daze",639718," ","  "," ","","    ","  "," ","","    ","647","MP ","CERT","11",False,True,False,"    ","97923613 ","2019-06-18 00:00:00","$25,000.00","2019-11-06 00:00:00","2019-09-06 00:00:00","2019-09-06 00:00:00","$49,409.79","$0.00","$0.00","   ","C",True,True,"N","N","A","A","W",NULL,False,False,"$0.00","$0.00","$0.00",NULL," ",False,True,"41721443",NULL,NULL,NULL,"S","S","C","S","S",False,"      ","      ","S",False,False," ",NULL,"100","V154","C","          "," ","N",False," "," ",11699,False,"2025-01-01 00:00:00",False,"\\Powervault\files\1Co  1 PROJECT FOLDER FILES\1_7DA131",False,True,NULL,"7 Daze LLC","TANGRAM-AR_CUSTOMERS-1-11699","2025-05-01 23:53:30.216346",NULL,NULL
"-1","TANGRAM","1","7DE001","7DEGREES","7 DEGREES                     ",39853,"MARK ORGILL              ","US","9493761955","+1 (949) 376-1955","    ","US","9494948063","+1 (949) 494-8063","    ","999","AS ","CERT","0 ",True,True,False,"2511","197557028","2001-04-27 00:00:00","$56,000.00","2001-06-14 00:00:00","2001-05-01 00:00:00","2001-05-01 00:00:00","$60,200.00","$0.00","$0.00","2R2","C",True,False,"N","N","A","A","W",NULL,False,False,"$0.00","$0.00","$0.00",NULL,"                        ",False,True,"15345594",NULL,NULL,NULL,"S","S","C","S","S",False,"      ","      ","S",False,False," ",NULL,"100",NULL,NULL,"          "," ","N",True,"","",15,False,"2025-01-01 00:00:00",False," ",False,False,NULL,"7 DEGREES                     ","TANGRAM-AR_CUSTOMERS-1-15","2025-05-01 23:53:30.216346",NULL,NULL
"-1","TANGRAM","D","7ELE00","7ELEVEN ","7-Eleven, Inc.",838984,"Accounts Payable","  ","9728280711","9728280711","    ","  "," ","","    ","998",NULL,"CERT","1 ",True,True,False,"    ","7347602  ","2022-01-31 00:00:00","$10,000.00",NULL,NULL,NULL,"$0.00","$0.00","$0.00","   ","C",True,True,"N","O","A","A","W",NULL,False,False,"$0.00","$0.00","$0.00",NULL," ",False,False,"15323525",NULL,NULL,NULL,"S","S","C","S","S",False,"      ","      ","S",False,False,"interiors@7-11.com",NULL,"100",NULL,NULL,"          "," ","N",False," "," ",144,False,"2025-01-01 00:00:00",False," ",False,False,226,"7-Eleven Inc.","TANGRAM-AR_CUSTOMERS-D-144","2025-05-01 23:53:30.216346",NULL,NULL
"-1","TANGRAM","F","823LOS","823LOSAN","823 Los Angeles Street",667246," ","  "," ","","    ","  "," ","","    ","675","LK ","CERT","9 ",True,True,False,"    ","0        ","2019-09-19 00:00:00","$0.00","2021-03-08 00:00:00","2020-01-15 00:00:00","2020-01-15 00:00:00","$70,174.93","$0.00","$0.00","   ","C",True,True,"N","O","N","A","W",NULL,False,False,"$0.00","$0.00","$0.00",NULL," ",False,False,"41726594",NULL,NULL,NULL,"S","S","C","S","S",False,"      ","      ","S",False,False," ",NULL,"100","V978","C","          "," ","N",False," "," ",597,False,"2025-01-01 00:00:00",False," ",False,True,NULL,"823 Los Angeles Street, LLC","TANGRAM-AR_CUSTOMERS-F-597","2025-05-01 23:53:30.216346",NULL,NULL
"-1","TANGRAM","1","901500","901E6TH ","901 E 6th Investors, LTD",618137," ","  "," ","","    ","  "," ","","    ","495","BG ","CERT","3 ",True,True,False,"    ","966500626","2019-04-12 00:00:00","$5,000.00","2019-07-03 00:00:00","2019-06-11 00:00:00","2019-06-11 00:00:00","$2,474.24","$0.00","$0.00","   ","C",True,True,"N","N","A","A","W",NULL,False,False,"$0.00","$0.00","$0.00",NULL," ",False,False,"14340333",NULL,NULL,NULL,"S","S","C","S","S",False,"      ","      ","S",False,False," ",NULL,"100","U704","C","          "," ","N",False," "," ",11638,False,"2025-01-01 00:00:00",False,"\\Powervault\files\1Co  1 PROJECT FOLDER FILES\1_901500",False,False,NULL,"901 E 6th Investors, LTD","TANGRAM-AR_CUSTOMERS-1-11638","2025-05-01 23:53:30.216346",NULL,NULL
"-1","TANGRAM","1","949DES","949DESIG","949 DESIGN",39854,"ACCOUNTS PAYABLE","US","9497228838","+1 (949) 722-8838","    ","US","9496068704","+1 (949) 606-8704","    ","POC","AS ","CERT","E ",True,True,False,"    ","         ","2005-01-25 00:00:00","$4,500.00",NULL,NULL,NULL,"$0.00","$0.00","$0.00","   ","C",True,False,"N","N","A","A","W",NULL,False,False,"$0.00","$0.00","$0.00",NULL,"",False,True,"27862861",NULL,NULL,NULL,"C","C","C","C","C",False,"      ","      ","S",False,False,"",NULL,"100",NULL,NULL,"          "," ","N",True,"","",16,False,"2025-01-01 00:00:00",False," ",False,False,NULL,"949 DESIGN","TANGRAM-AR_CUSTOMERS-1-16","2025-05-01 23:53:30.216346",NULL,NULL
"-1","TANGRAM","1","95    ","95      ","95",39855," ","US","","","    ","US","","","    ","999",NULL,"CERT","0 ",True,True,False,"    ","         ","2013-11-18 00:00:00","$0.00",NULL,NULL,NULL,"$0.00","$0.00","$0.00","   ","C",True,True,"N","N","A","A","W",NULL,False,False,"$0.00","$0.00","$0.00",NULL," ",False,False,"0",NULL,NULL,NULL,"S","S","C","S","S",False,"      ","      ","S",False,False," ",NULL,"100",NULL,NULL,"          "," ","N",False," "," ",9650,False,"2025-01-01 00:00:00",False,"\\Powervault\files\1Co  1 PROJECT FOLDER FILES\1_95",False,False,NULL,"95","TANGRAM-AR_CUSTOMERS-1-9650","2025-05-01 23:53:30.216346",NULL,NULL
"-1","TANGRAM","1","99    ","TEMPORAR","TEMPORARY CUSTOMER NUMBER     ",39856,"                         ","  ","","","    ","  ","","","    ","999","TW ","CERT","F ",False,False,False,"    ","         ","1992-04-20 00:00:00","$0.01","2014-02-06 00:00:00","2018-12-19 00:00:00","2018-12-19 00:00:00","$1,512.00","$0.00","$0.00","   ","C",True,False,"N","N","A","I","N","2000-07-31 00:00:00",False,False,"$0.00","$0.00","$0.00",NULL,"                        ",False,False,"0",NULL,NULL,NULL,"S","S","C","S","S",False,"      ","      ","S",False,False," ",NULL,"100",NULL,NULL,"          "," ","N",True,"","",5438,False,"2025-01-01 00:00:00",False," ",False,False,NULL,"TEMPORARY CUSTOMER NUMBER     ","TANGRAM-AR_CUSTOMERS-1-5438","2025-05-01 23:53:30.216346",NULL,NULL
"-1","TANGRAM","2","99    ","TEMP    ","TEMPORARY",50708,"                         ","US","","","    ","US","","","    ","999","JW ","CERT","2 ",False,False,False,"    ","         ","2000-02-29 00:00:00","$1.00",NULL,"2010-12-14 00:00:00","2010-12-14 00:00:00","$153.65","$0.00","$0.00","   ","P",True,True,"N","O","A","A","W",NULL,False,False,"$0.00","$0.00","$0.00",NULL,"                        ",False,False,"0",NULL,NULL,NULL,"S","S","C","S","S",False,"      ","      ","S",False,False," ",NULL,"100",NULL,NULL,"          "," ","N",True,"","",1200,False,"2025-01-01 00:00:00",False," ",False,False,NULL,"TEMPORARY","TANGRAM-AR_CUSTOMERS-2-1200","2025-05-01 23:53:30.216346",NULL,NULL
"-1","TANGRAM","7","99    ","TEMPORAR","                              ",52301,"                         ","US","","","    ","US","","","    ","999",NULL,"TX*1","3 ",False,False,False,"    ","         ","1998-10-09 00:00:00","$0.00",NULL,NULL,NULL,"$0.00","$0.00","$0.00","   ","P",True,False,"N","O"," ","A","W",NULL,False,False,"$0.00","$0.00","$0.00",NULL,"                        ",False,False,"0",NULL,NULL,NULL,"S","S","C","S","S",False,"      ","      ","S",False,False," ",NULL,"100",NULL,NULL,"          "," ","N",True,"","",351,False,"2018-04-03 00:00:00",False," ",False,False,NULL,"                              ","TANGRAM-AR_CUSTOMERS-7-351","2025-05-01 23:53:30.216346",NULL,NULL
"-1","TANGRAM","A","99    ","99      ","Temporary customer No",682471,"Accounts Payable","  ","5623655000","5623655000","    ","  "," ","","    ","999",NULL,"CERT","E ",True,True,False,"    ","         ","2019-11-11 00:00:00","$0.00",NULL,NULL,NULL,"$0.00","$0.00","$0.00","   ","C",True,True,"N","O","N","A","W",NULL,False,False,"$0.00","$0.00","$0.00",NULL," ",False,False,"0",NULL,NULL,NULL,"S","S","C","S","S",False,"      ","      ","S",False,False," ",NULL,"100",NULL,NULL,"          "," ","N",False," "," ",20,False,"2025-01-01 00:00:00",False," ",False,False,NULL,"House","TANGRAM-AR_CUSTOMERS-A-20","2025-05-01 23:53:30.216346",NULL,NULL
"-1","TANGRAM","B","99    ","TEMPORAR","TEMPORARY",52711," ","US","","","    ","US","","","    ","920","TW ","KE10","11",True,True,False,"    ","         ","2012-06-25 00:00:00","$0.00",NULL,NULL,NULL,"$0.00","$0.00","$0.00","   ","C",True,True,"N","N","A","A","W",NULL,False,False,"$0.00","$0.00","$0.00",NULL," ",False,True,"0",NULL,NULL,NULL,"S","S","C","S","S",False,"      ","      "," ",False,False," ",NULL,"100",NULL,NULL,"          "," ","N",True," "," ",31,False,"2018-07-03 00:00:00",False," ",False,False,NULL,"TEMPORARY","TANGRAM-AR_CUSTOMERS-B-31","2025-05-01 23:53:30.216346",NULL,NULL
"-1","TANGRAM","D","99    ","TANGRAMD","Tangram  Dallas",816048," ","  "," ","","    ","  "," ","","    ","998",NULL,"CERT","F ",True,True,False,"    ","         ","2021-10-04 00:00:00","$0.00",NULL,NULL,NULL,"$0.00","$0.00","$0.00","   ","C",True,True,"N","O","A","A","W",NULL,False,False,"$0.00","$0.00","$0.00",NULL," ",False,False,"0",NULL,NULL,NULL,"S","S","C","S","S",False,"      ","      ","S",False,False," ",NULL,"100",NULL,NULL,"          "," ","N",False," "," ",24,False,"2025-01-01 00:00:00",False," ",False,False,NULL,"Tangram  Dallas","TANGRAM-AR_CUSTOMERS-D-24","2025-05-01 23:53:30.216346",NULL,NULL
"-1","TANGRAM","F","99    ","TEMP    ","TEMPORARY",52800," ","  ","5623655000","5623655000","    ","  ","","","    ","940","TW ","CERT","9 ",True,True,False,"    ","120878152","2010-01-08 00:00:00","$1.00",NULL,NULL,NULL,"$0.00","$0.00","$0.00","   ","C",True,True,"N","O","N","A","W",NULL,False,False,"$0.00","$0.00","$0.00",NULL," ",False,False,"162880",NULL,NULL,NULL,"S","S","C","S","S",False,"      ","      ","S",False,False," ",NULL,"100",NULL,NULL,"          "," ","N",True," "," ",65,False,"2025-02-10 00:00:00",False," ",False,False,NULL,"TEMPORARY","TANGRAM-AR_CUSTOMERS-F-65","2025-05-01 23:53:30.216346",NULL,NULL
"-1","TANGRAM","O","99    ","ONSITEDA","ONSITE DALLAS",829939," ","  "," ","","    ","  "," ","","    ","998",NULL,"CERT","0 ",True,True,False,"    ","         ","2021-12-07 00:00:00","$0.00",NULL,"2023-10-31 00:00:00","2022-06-27 00:00:00","$12,488.30","$0.00","$0.00","   ","C",True,True,"N","O","A","A","W",NULL,False,False,"$0.00","$0.00","$0.00",NULL," ",False,False,"0",NULL,NULL,NULL,"S","S","C","S","S",False,"      ","      ","S",False,False," ",NULL,"100",NULL,NULL,"          "," ","N",False," "," ",4,False,"2025-01-01 00:00:00",False," ",False,False,NULL,"ONSITE DALLAS","TANGRAM-AR_CUSTOMERS-O-4","2025-05-01 23:53:30.216346",NULL,NULL
