"hds_orderline_id","organization_id","company_code","order_index","line_index","line_no","date_entered","line_status","vnd_no","vnd_po_adr_no","qty_ordered","cat_no","vendor_catalog_code","tax_authority_code","unit_list","unit_sell","unit_cost","unit_dpp","unit_weight","item_no","cust_request_date","po_print_indicator","po_suffix","processing_code","print_po","ack_po","receive_goods","print_dt","deliver_goods","cost_verify","invoice_when","print_invoice","qty_received","received_date","qty_ticketed","ticketed_date","qty_delivered","delivered_date","qty_invoiced","invoiced_date","qty_cost_verified","cost_verified_date","attachment_ind","spec_l_order_indictr","interim_vnd_no","interim_vnd_ship_to","no_charge_indicator","warehouse_no","engineering_qte_no","eng_quote_product_id","sub_section_index","sub_section_seq_number","freight_indicator","ack_qty_ord_chg","ack_cat_no_chg","ack_desc_chg","ack_vnd_prom_dt_chg","ack_arrival_dt_chg","ack_unit_sell_chg","ack_line_cancld_chg","ack_tagging_chg","ack_line_added_chg","ack_cus_desc_chg","osr_qty_ord_chg","osr_cat_no_chg","osr_desc_chg","osr_po_suffix_chg","osr_qty_recvd_chg","osr_qty_delivd_chg","osr_qty_invcd_chg","osr_vnd_prom_dt_chg","osr_arrival_dt_chg","osr_cus_req_dt_chg","osr_unit_sell_chg","osr_tagging_chg","osr_line_added_chg","osr_cus_desc_chg","parent_line_index","dummy_alpha","specification_no","book_when","do_not_u_sls_1_commission_plan","do_not_u_sls_2_commission_plan","standards_index","standards_seq_number","list_price_rules","list_percentage","sell_price_rules","sell_percentage","cost_price_rules","cost_percentage","special_quote_no","replacement_line","dnu_engqte_page_no_entrd","from_original_invoic","interim_addr_type","objectkey","created_on","updated_on","process_id"
"-1","TANGRAM","1",112287,1,1,"2001-01-11 00:00:00","A","BRO35 ","0","2.00","0750068             ","        ","LO10","$0.00","$137.50","$88.00","$0.00",0,NULL,"2020-06-28 00:00:00","R",1,"DR",True,True,False,True,True,True,"D",True,"2.00",NULL,"2.00","2001-01-25 00:00:00","2.00","2001-01-15 00:00:00","2.00","2001-04-15 00:00:00","2.00","2001-05-02 00:00:00","N","S",NULL,NULL,False,NULL,"        ","                  ",0,0,True,False,False,False,False,False,False,False,False,False,False,False,False,False,False,False,True,False,False,False,False,False,False,False,False,NULL," ",NULL,"I",NULL,NULL,0,0,"F","0","F","0","F","0","              ",False,False,False,NULL,"TANGRAM-OP_ORDERLINE-1-112287-1","2025-05-02 00:06:44.974371",NULL,NULL
"-1","TANGRAM","1",112287,2,2,"2001-01-11 00:00:00","A","BRO35 ","0","1.00","FEE                 ","        ","LO10","$0.00","$27.50","$17.60","$0.00",0,NULL,"2020-06-28 00:00:00","R",1,"DR",True,True,False,True,True,True,"D",True,"1.00",NULL,"1.00","2001-01-25 00:00:00","1.00","2001-01-15 00:00:00","1.00","2001-04-15 00:00:00","1.00","2001-05-02 00:00:00","N","S",NULL,NULL,False,NULL,"        ","                  ",0,0,True,False,False,False,False,False,False,False,False,False,False,False,False,True,False,False,True,False,False,False,False,True,False,False,False,NULL," ",NULL,"I",NULL,NULL,0,0,"F","0","F","0","F","0","              ",False,False,False,NULL,"TANGRAM-OP_ORDERLINE-1-112287-2","2025-05-02 00:06:44.974371",NULL,NULL
"-1","TANGRAM","1",112287,3,3,"2001-01-11 00:00:00","A","1     ","0","1.00","FEE                 ","        ","LO10","$0.00","$150.00","$75.00","$0.00",0,NULL,"2020-06-28 00:00:00","R",NULL,"SO",False,False,False,True,True,False,"D",True,"1.00",NULL,"1.00","2001-01-11 00:00:00","1.00","2001-01-15 00:00:00","1.00","2001-01-17 00:00:00","1.00",NULL,"N","S",NULL,NULL,False,"T1","        ","                  ",0,0,False,False,False,False,False,False,False,False,False,False,False,False,False,False,False,False,False,False,False,False,False,False,False,False,False,NULL," ",NULL,"R",NULL,NULL,0,0,"F","0","F","0","F","0","              ",False,False,False,NULL,"TANGRAM-OP_ORDERLINE-1-112287-3","2025-05-02 00:06:44.974371",NULL,NULL
"-1","TANGRAM","1",112287,4,4,"2001-01-11 00:00:00","A","1     ","0","1.00","MONTHLY FEE         ","        ","LO10","$0.00","$76.80","$62.40","$0.00",0,NULL,"2020-06-28 00:00:00","R",NULL,"W2",False,False,False,False,False,False,"D",True,"1.00",NULL,"1.00",NULL,"1.00",NULL,"1.00","2001-01-15 00:00:00","1.00",NULL,"N","S",NULL,NULL,False,"T1","        ","                  ",0,0,False,False,False,False,False,False,False,False,False,False,False,False,False,False,False,False,False,False,False,False,False,False,False,False,False,NULL," ",NULL,"R",NULL,NULL,0,0,"F","0","F","0","F","0","              ",False,False,False,NULL,"TANGRAM-OP_ORDERLINE-1-112287-4","2025-05-02 00:06:44.974371",NULL,NULL
"-1","TANGRAM","1",112287,5,5,"2001-02-20 00:00:00","A","1     ","0","1.00","MONTHLY FEE         ","        ","LO10","$0.00","$76.80","$62.40","$0.00",0,NULL,"2020-06-28 00:00:00","R",NULL,"W2",False,False,False,False,False,False,"D",True,"1.00",NULL,"1.00",NULL,"1.00",NULL,"1.00","2001-02-21 00:00:00","1.00",NULL,"N","S",NULL,NULL,False,"T1","        ","                  ",0,0,False,False,False,False,False,False,False,False,False,False,False,False,False,True,False,False,False,False,False,False,False,False,False,True,False,NULL," ",NULL,"R",NULL,NULL,0,0,"F","0","F","0","F","0","              ",False,False,False,NULL,"TANGRAM-OP_ORDERLINE-1-112287-5","2025-05-02 00:06:44.974371",NULL,NULL
"-1","TANGRAM","1",112287,6,6,"2001-03-26 00:00:00","A","1     ","0","1.00","FEE                 ","        ","LO10","$0.00","$76.80","$62.40","$0.00",0,NULL,"2020-06-28 00:00:00","R",NULL,"W2",False,False,False,False,False,False,"D",True,"1.00",NULL,"1.00",NULL,"1.00",NULL,"1.00","2001-03-29 00:00:00","1.00",NULL,"N","S",NULL,NULL,False,"T1","        ","                  ",0,0,False,False,False,False,False,False,False,False,False,False,False,False,True,True,False,False,False,False,False,False,False,False,False,True,False,NULL," ",NULL,"R",NULL,NULL,0,0,"F","0","F","0","F","0","              ",False,False,False,NULL,"TANGRAM-OP_ORDERLINE-1-112287-6","2025-05-02 00:06:44.974371",NULL,NULL
"-1","TANGRAM","1",112287,7,7,"2001-04-23 00:00:00","A","1     ","0","1.00","FEE                 ","        ","LO10","$0.00","$76.80","$62.40","$0.00",0,NULL,"2020-06-28 00:00:00","R",NULL,"W2",False,False,False,False,False,False,"D",True,"1.00",NULL,"1.00",NULL,"1.00",NULL,"1.00","2001-04-24 00:00:00","1.00",NULL,"N","S",NULL,NULL,False,"T1","        ","                  ",0,0,False,False,False,False,False,False,False,False,False,False,False,False,False,True,False,False,False,False,False,False,False,False,False,True,False,NULL," ",NULL,"R",NULL,NULL,0,0,"F","0","F","0","F","0","              ",False,False,False,NULL,"TANGRAM-OP_ORDERLINE-1-112287-7","2025-05-02 00:06:44.974371",NULL,NULL
"-1","TANGRAM","1",112287,8,8,"2001-05-01 00:00:00","A","BRO35 ","0","2.00","0750068             ","        ","LO10","$0.00","$137.50","$88.00","$0.00",0,NULL,"2020-06-28 00:00:00","R",NULL,"DP",False,False,False,True,True,False,"D",False,"2.00",NULL,"2.00","2001-06-13 00:00:00","2.00","2001-04-20 00:00:00","2.00",NULL,"2.00",NULL,"N","S",NULL,NULL,False,NULL,"        ","                  ",0,0,True,False,False,False,False,False,False,False,False,True,False,False,False,False,False,False,True,False,False,False,False,False,False,True,False,1," ",NULL,"I",NULL,NULL,0,0,"F","0","F","0","F","0","              ",False,False,False,NULL,"TANGRAM-OP_ORDERLINE-1-112287-8","2025-05-02 00:06:44.974371",NULL,NULL
"-1","TANGRAM","1",112287,9,9,"2001-05-01 00:00:00","A","BRO35 ","0","1.00","FEE                 ","        ","LO10","$0.00","$27.50","$17.60","$0.00",0,NULL,"2020-06-28 00:00:00","R",NULL,"DP",False,False,False,True,True,False,"D",False,"1.00",NULL,"1.00","2001-06-13 00:00:00","1.00","2001-04-20 00:00:00","1.00",NULL,"1.00",NULL,"N","S",NULL,NULL,False,NULL,"        ","                  ",0,0,True,False,False,False,False,False,False,False,False,True,False,False,False,False,False,False,True,False,False,False,False,False,False,True,False,2," ",NULL,"I",NULL,NULL,0,0,"F","0","F","0","F","0","              ",False,False,False,NULL,"TANGRAM-OP_ORDERLINE-1-112287-9","2025-05-02 00:06:44.974371",NULL,NULL
"-1","TANGRAM","1",112287,10,10,"2001-05-24 00:00:00","A","1     ","0","1.00","FEE                 ","        ","LO10","$0.00","$76.80","$62.40","$0.00",0,NULL,"2020-06-28 00:00:00","R",NULL,"W2",False,False,False,False,False,False,"D",True,"1.00",NULL,"1.00",NULL,"1.00",NULL,"1.00","2001-05-25 00:00:00","1.00",NULL,"N","S",NULL,NULL,False,"T1","        ","                  ",0,0,False,False,False,False,False,False,False,False,False,False,False,False,False,True,False,False,False,False,False,False,False,False,False,True,False,NULL," ",NULL,"R",NULL,NULL,0,0,"F","0","F","0","F","0","              ",False,False,False,NULL,"TANGRAM-OP_ORDERLINE-1-112287-10","2025-05-02 00:06:44.974371",NULL,NULL
"-1","TANGRAM","1",112287,11,11,"2001-06-27 00:00:00","A","1     ","0","1.00","FEE                 ","        ","LO10","$0.00","$76.80","$62.40","$0.00",0,NULL,"2020-06-28 00:00:00","R",NULL,"W2",False,False,False,False,False,False,"D",True,"1.00",NULL,"1.00",NULL,"1.00",NULL,"1.00","2001-06-28 00:00:00","1.00",NULL,"N","S",NULL,NULL,False,"T1","        ","                  ",0,0,False,False,False,False,False,False,False,False,False,False,False,False,False,True,False,False,False,False,False,False,False,False,False,True,False,NULL," ",NULL,"R",NULL,NULL,0,0,"F","0","F","0","F","0","              ",False,False,False,NULL,"TANGRAM-OP_ORDERLINE-1-112287-11","2025-05-02 00:06:44.974371",NULL,NULL
"-1","TANGRAM","1",112287,12,12,"2001-07-23 00:00:00","A","1     ","0","1.00","FEE                 ","        ","LO10","$0.00","$76.80","$62.40","$0.00",0,NULL,"2020-06-28 00:00:00","R",NULL,"W2",False,False,False,False,False,False,"D",True,"1.00",NULL,"1.00",NULL,"1.00",NULL,"1.00","2001-07-23 00:00:00","1.00",NULL,"N","S",NULL,NULL,False,"T1","        ","                  ",0,0,False,False,False,False,False,False,False,False,False,False,False,False,False,True,False,False,False,False,False,False,False,False,False,True,False,NULL," ",NULL,"R",NULL,NULL,0,0,"F","0","F","0","F","0","              ",False,False,False,NULL,"TANGRAM-OP_ORDERLINE-1-112287-12","2025-05-02 00:06:44.974371",NULL,NULL
"-1","TANGRAM","1",112287,13,13,"2001-08-22 00:00:00","A","1     ","0","1.00","FEE                 ","        ","LO10","$0.00","$76.80","$62.40","$0.00",0,NULL,"2020-06-28 00:00:00","R",NULL,"W2",False,False,False,False,False,False,"D",True,"1.00",NULL,"1.00",NULL,"1.00",NULL,"1.00","2001-08-23 00:00:00","1.00",NULL,"N","S",NULL,NULL,False,"T1","        ","                  ",0,0,False,False,False,False,False,False,False,False,False,False,False,False,False,True,False,False,False,False,False,False,False,False,False,True,False,NULL," ",NULL,"R",NULL,NULL,0,0,"F","0","F","0","F","0","              ",False,False,False,NULL,"TANGRAM-OP_ORDERLINE-1-112287-13","2025-05-02 00:06:44.974371",NULL,NULL
"-1","TANGRAM","1",112287,14,14,"2001-09-24 00:00:00","A","1     ","0","1.00","FEE                 ","        ","LO10","$0.00","$76.80","$62.40","$0.00",0,NULL,"2020-06-28 00:00:00","R",NULL,"W2",False,False,False,False,False,False,"D",True,"1.00",NULL,"1.00",NULL,"1.00",NULL,"1.00","2001-09-25 00:00:00","1.00",NULL,"N","S",NULL,NULL,False,"T1","        ","                  ",0,0,False,False,False,False,False,False,False,False,False,False,False,False,False,True,False,False,False,False,False,False,False,False,False,True,False,NULL," ",NULL,"R",NULL,NULL,0,0,"F","0","F","0","F","0","              ",False,False,False,NULL,"TANGRAM-OP_ORDERLINE-1-112287-14","2025-05-02 00:06:44.974371",NULL,NULL
"-1","TANGRAM","1",112287,15,15,"2001-10-25 00:00:00","A","1     ","0","1.00","FEE                 ","        ","TX*1","$0.00","$76.80","$62.40","$0.00",0,NULL,"2020-06-28 00:00:00","R",NULL,"W2",False,False,False,False,False,False,"D",True,"1.00",NULL,"1.00",NULL,"1.00",NULL,"1.00","2001-10-25 00:00:00","1.00",NULL,"N","S",NULL,NULL,False,"T1","        ","                  ",0,0,False,False,False,False,False,False,False,False,False,False,False,False,False,True,False,False,False,False,False,False,False,False,False,True,False,NULL," ",NULL,"R",NULL,NULL,0,0,"F","0","F","0","F","0","              ",False,False,False,NULL,"TANGRAM-OP_ORDERLINE-1-112287-15","2025-05-02 00:06:44.974371",NULL,NULL
"-1","TANGRAM","1",112287,16,16,"2001-11-19 00:00:00","A","1     ","0","1.00","FEE                 ","        ","TX*1","$0.00","$76.80","$62.40","$0.00",0,NULL,"2020-06-28 00:00:00","R",NULL,"W2",False,False,False,False,False,False,"D",True,"1.00",NULL,"1.00",NULL,"1.00",NULL,"1.00","2001-11-20 00:00:00","1.00",NULL,"N","S",NULL,NULL,False,"T1","        ","                  ",0,0,False,False,False,True,False,False,False,False,False,True,False,False,False,True,False,False,False,False,False,False,False,False,False,True,False,NULL," ",NULL,"R",NULL,NULL,0,0,"F","0","F","0","F","0","              ",False,False,False,NULL,"TANGRAM-OP_ORDERLINE-1-112287-16","2025-05-02 00:06:44.974371",NULL,NULL
"-1","TANGRAM","1",112287,17,17,"2002-01-09 00:00:00","A","1     ","0","1.00","FEE                 ","        ","TX*1","$0.00","$76.80","$62.40","$0.00",0,NULL,"2020-06-28 00:00:00","R",NULL,"W2",False,False,False,False,False,False,"D",True,"1.00",NULL,"1.00",NULL,"1.00",NULL,"1.00","2002-01-10 00:00:00","1.00",NULL,"N","S",NULL,NULL,False,"T1","        ","                  ",0,0,False,False,False,True,False,False,False,False,False,True,False,False,False,True,False,False,False,False,False,False,False,False,False,True,False,NULL," ",NULL,"R",NULL,NULL,0,0,"F","0","F","0","F","0","              ",False,False,False,NULL,"TANGRAM-OP_ORDERLINE-1-112287-17","2025-05-02 00:06:44.974371",NULL,NULL
"-1","TANGRAM","1",112287,18,18,"2002-01-25 00:00:00","A","1     ","0","1.00","FEE                 ","        ","TX*1","$0.00","$76.80","$62.40","$0.00",0,NULL,"2020-06-28 00:00:00","R",NULL,"W2",False,False,False,False,False,False,"D",True,"1.00",NULL,"1.00",NULL,"1.00",NULL,"1.00","2002-01-25 00:00:00","1.00",NULL,"N","S",NULL,NULL,False,"T1","        ","                  ",0,0,False,False,False,True,False,False,False,False,False,True,False,False,False,True,False,False,False,False,False,False,False,False,False,True,False,NULL," ",NULL,"R",NULL,NULL,0,0,"F","0","F","0","F","0","              ",False,False,False,NULL,"TANGRAM-OP_ORDERLINE-1-112287-18","2025-05-02 00:06:44.974371",NULL,NULL
"-1","TANGRAM","1",112287,19,19,"2002-03-27 00:00:00","A","1     ","0","1.00","FEE                 ","        ","TX*1","$0.00","$76.80","$62.40","$0.00",0,NULL,"2020-06-28 00:00:00","R",NULL,"W2",False,False,False,False,False,False,"D",True,"1.00",NULL,"1.00",NULL,"1.00",NULL,"1.00","2002-03-28 00:00:00","1.00",NULL,"N","S",NULL,NULL,False,"T1","        ","                  ",0,0,False,False,False,True,False,False,False,False,False,True,False,False,False,True,False,False,False,False,False,False,False,False,False,True,False,NULL," ",NULL,"R",NULL,NULL,0,0,"F","0","F","0","F","0","              ",False,False,False,NULL,"TANGRAM-OP_ORDERLINE-1-112287-19","2025-05-02 00:06:44.974371",NULL,NULL
"-1","TANGRAM","1",112287,157,157,"2013-08-28 00:00:00","A","1     ","0","288.00","FEE                 ","        ","NTAX","$0.00","$0.21","$0.16","$0.00",0,NULL,"2020-06-28 00:00:00","R",NULL,"W2",False,False,False,False,False,False,"D",True,"288.00",NULL,"288.00",NULL,"288.00",NULL,"288.00","2013-08-29 00:00:00","288.00",NULL,"N","S",NULL,NULL,False,"T1"," "," ",0,0,False,False,False,False,False,False,False,False,False,True,False,False,False,False,False,False,False,False,False,False,False,False,False,True,False,NULL," ",NULL,"R",NULL,NULL,0,0,"F","0","F","0","F","0","              ",False,False,False,NULL,"TANGRAM-OP_ORDERLINE-1-112287-157","2025-05-02 00:06:44.974371",NULL,NULL
"-1","TANGRAM","1",112287,20,20,"2002-04-25 00:00:00","A","1     ","0","1.00","FEE                 ","        ","TX*1","$0.00","$76.80","$62.40","$0.00",0,NULL,"2020-06-28 00:00:00","R",NULL,"W2",False,False,False,False,False,False,"D",True,"1.00",NULL,"1.00",NULL,"1.00",NULL,"1.00","2002-04-25 00:00:00","1.00",NULL,"N","S",NULL,NULL,False,"T1","        ","                  ",0,0,False,False,False,True,False,False,False,False,False,True,False,False,False,True,False,False,False,False,False,False,False,False,False,True,False,NULL," ",NULL,"R",NULL,NULL,0,0,"F","0","F","0","F","0","              ",False,False,False,NULL,"TANGRAM-OP_ORDERLINE-1-112287-20","2025-05-02 00:06:44.974371",NULL,NULL
"-1","TANGRAM","1",112287,21,21,"2002-05-22 00:00:00","A","1     ","0","1.00","FEE                 ","        ","TX*1","$0.00","$76.80","$62.40","$0.00",0,NULL,"2020-06-28 00:00:00","R",NULL,"W2",False,False,False,False,False,False,"D",True,"1.00",NULL,"1.00",NULL,"1.00",NULL,"1.00","2002-05-23 00:00:00","1.00",NULL,"N","S",NULL,NULL,False,"T1","        ","                  ",0,0,False,False,False,True,False,False,False,False,False,True,False,False,False,True,False,False,False,False,False,False,False,False,False,True,False,NULL," ",NULL,"R",NULL,NULL,0,0,"F","0","F","0","F","0","              ",False,False,False,NULL,"TANGRAM-OP_ORDERLINE-1-112287-21","2025-05-02 00:06:44.974371",NULL,NULL
"-1","TANGRAM","1",112287,22,22,"2002-06-26 00:00:00","A","1     ","0","1.00","FEE                 ","        ","TX*1","$0.00","$76.80","$62.40","$0.00",0,NULL,"2020-06-28 00:00:00","R",NULL,"W2",False,False,False,False,False,False,"D",True,"1.00",NULL,"1.00",NULL,"1.00",NULL,"1.00","2002-06-27 00:00:00","1.00",NULL,"N","S",NULL,NULL,False,"T1","        ","                  ",0,0,False,False,False,True,False,False,False,False,False,True,False,False,False,True,False,False,False,False,False,False,False,False,False,True,False,NULL," ",NULL,"R",NULL,NULL,0,0,"F","0","F","0","F","0","              ",False,False,False,NULL,"TANGRAM-OP_ORDERLINE-1-112287-22","2025-05-02 00:06:44.974371",NULL,NULL
"-1","TANGRAM","1",112287,23,23,"2002-07-26 00:00:00","A","1     ","0","1.00","FEE                 ","        ","TX*1","$0.00","$76.80","$62.40","$0.00",0,NULL,"2020-06-28 00:00:00","R",NULL,"W2",False,False,False,False,False,False,"D",True,"1.00",NULL,"1.00",NULL,"1.00",NULL,"1.00","2002-07-26 00:00:00","1.00",NULL,"N","S",NULL,NULL,False,"T1","        ","                  ",0,0,False,False,False,True,False,False,False,False,False,True,False,False,False,True,False,False,False,False,False,False,False,False,False,True,False,NULL," ",NULL,"R",NULL,NULL,0,0,"F","0","F","0","F","0","              ",False,False,False,NULL,"TANGRAM-OP_ORDERLINE-1-112287-23","2025-05-02 00:06:44.974371",NULL,NULL
"-1","TANGRAM","1",112287,24,24,"2002-08-23 00:00:00","A","1     ","0","1.00","FEE                 ","        ","TX*1","$0.00","$76.80","$62.40","$0.00",0,NULL,"2020-06-28 00:00:00","R",NULL,"W2",False,False,False,False,False,False,"D",True,"1.00",NULL,"1.00",NULL,"1.00",NULL,"1.00","2002-08-23 00:00:00","1.00",NULL,"N","S",NULL,NULL,False,"T1","        ","                  ",0,0,False,False,False,True,False,False,False,False,False,True,False,False,False,True,False,False,False,False,False,False,False,False,False,True,False,NULL," ",NULL,"R",NULL,NULL,0,0,"F","0","F","0","F","0","              ",False,False,False,NULL,"TANGRAM-OP_ORDERLINE-1-112287-24","2025-05-02 00:06:44.974371",NULL,NULL
"-1","TANGRAM","1",112287,25,25,"2002-09-27 00:00:00","A","1     ","0","1.00","FEE                 ","        ","TX*1","$0.00","$76.80","$62.40","$0.00",0,NULL,"2020-06-28 00:00:00","R",NULL,"W2",False,False,False,False,False,False,"D",True,"1.00",NULL,"1.00",NULL,"1.00",NULL,"1.00","2002-09-27 00:00:00","1.00",NULL,"N","S",NULL,NULL,False,"T1","        ","                  ",0,0,False,False,False,True,False,False,False,False,False,True,False,False,False,True,False,False,False,False,False,False,False,False,False,True,False,NULL," ",NULL,"R",NULL,NULL,0,0,"F","0","F","0","F","0","              ",False,False,False,NULL,"TANGRAM-OP_ORDERLINE-1-112287-25","2025-05-02 00:06:44.974371",NULL,NULL
"-1","TANGRAM","1",112287,26,26,"2002-10-23 00:00:00","A","1     ","0","1.00","FEE                 ","        ","TX*1","$0.00","$76.80","$62.40","$0.00",0,NULL,"2020-06-28 00:00:00","R",NULL,"W2",False,False,False,False,False,False,"D",True,"1.00",NULL,"1.00",NULL,"1.00",NULL,"1.00","2002-10-23 00:00:00","1.00",NULL,"N","S",NULL,NULL,False,"T1","        ","                  ",0,0,False,False,False,True,False,False,False,False,False,True,False,False,False,True,False,False,False,False,False,False,False,False,False,True,False,NULL," ",NULL,"R",NULL,NULL,0,0,"F","0","F","0","F","0","              ",False,False,False,NULL,"TANGRAM-OP_ORDERLINE-1-112287-26","2025-05-02 00:06:44.974371",NULL,NULL
"-1","TANGRAM","1",112287,27,27,"2002-11-19 00:00:00","A","1     ","0","1.00","FEE                 ","        ","TX*1","$0.00","$76.80","$62.40","$0.00",0,NULL,"2020-06-28 00:00:00","R",NULL,"W2",False,False,False,False,False,False,"D",True,"1.00",NULL,"1.00",NULL,"1.00",NULL,"1.00","2002-11-20 00:00:00","1.00",NULL,"N","S",NULL,NULL,False,"T1","        ","                  ",0,0,False,False,False,True,False,False,False,False,False,True,False,False,False,True,False,False,False,False,False,False,False,False,False,True,False,NULL," ",NULL,"R",NULL,NULL,0,0,"F","0","F","0","F","0","              ",False,False,False,NULL,"TANGRAM-OP_ORDERLINE-1-112287-27","2025-05-02 00:06:44.974371",NULL,NULL
"-1","TANGRAM","1",112287,28,28,"2003-01-31 00:00:00","A","1     ","0","1.00","FEE                 ","        ","TX*1","$0.00","$120.96","$92.16","$0.00",0,NULL,"2020-06-28 00:00:00","R",NULL,"W2",False,False,False,False,False,False,"D",True,"1.00",NULL,"1.00",NULL,"1.00",NULL,"1.00","2003-01-31 00:00:00","1.00",NULL,"N","S",NULL,NULL,False,"T1","        ","                  ",0,0,False,False,False,True,False,False,True,False,False,True,False,False,False,True,False,False,False,False,False,False,False,True,False,True,False,NULL," ",NULL,"R",NULL,NULL,0,0,"F","0","F","0","F","0","              ",False,False,False,NULL,"TANGRAM-OP_ORDERLINE-1-112287-28","2025-05-02 00:06:44.974371",NULL,NULL
"-1","TANGRAM","1",112287,29,29,"2003-01-31 00:00:00","A","1     ","0","1.00","FEE                 ","        ","TX*1","$0.00","$120.96","$92.16","$0.00",0,NULL,"2020-06-28 00:00:00","R",NULL,"W2",False,False,False,False,False,False,"D",True,"1.00",NULL,"1.00",NULL,"1.00",NULL,"1.00","2003-01-31 00:00:00","1.00",NULL,"N","S",NULL,NULL,False,"T1","        ","                  ",0,0,False,False,False,True,False,False,True,False,False,True,False,False,False,True,False,False,False,False,False,False,False,True,False,True,False,NULL," ",NULL,"R",NULL,NULL,0,0,"F","0","F","0","F","0","              ",False,False,False,NULL,"TANGRAM-OP_ORDERLINE-1-112287-29","2025-05-02 00:06:44.974371",NULL,NULL
"-1","TANGRAM","1",112287,30,30,"2003-03-25 00:00:00","A","1     ","0","1.00","FEE                 ","        ","TX*1","$0.00","$120.96","$92.16","$0.00",0,NULL,"2020-06-28 00:00:00","R",NULL,"W2",False,False,False,False,False,False,"D",True,"1.00",NULL,"1.00",NULL,"1.00",NULL,"1.00","2003-03-25 00:00:00","1.00",NULL,"N","S",NULL,NULL,False,"T1","        ","                  ",0,0,False,False,False,True,False,False,False,False,False,True,False,False,False,True,False,False,False,False,False,False,False,False,False,True,False,NULL," ",NULL,"R",NULL,NULL,0,0,"F","0","F","0","F","0","              ",False,False,False,NULL,"TANGRAM-OP_ORDERLINE-1-112287-30","2025-05-02 00:06:44.974371",NULL,NULL
"-1","TANGRAM","1",112287,31,31,"2003-03-25 00:00:00","A","1     ","0","1.00","FEE                 ","        ","TX*1","$0.00","$120.96","$92.16","$0.00",0,NULL,"2020-06-28 00:00:00","R",NULL,"W2",False,False,False,False,False,False,"D",True,"1.00",NULL,"1.00",NULL,"1.00",NULL,"1.00","2003-03-25 00:00:00","1.00",NULL,"N","S",NULL,NULL,False,"T1","        ","                  ",0,0,False,False,False,True,False,False,False,False,False,True,False,False,False,True,False,False,False,False,False,False,False,False,False,True,False,NULL," ",NULL,"R",NULL,NULL,0,0,"F","0","F","0","F","0","              ",False,False,False,NULL,"TANGRAM-OP_ORDERLINE-1-112287-31","2025-05-02 00:06:44.974371",NULL,NULL
"-1","TANGRAM","1",112287,32,32,"2003-04-24 00:00:00","A","1     ","0","1.00","FEE                 ","        ","TX*1","$0.00","$120.96","$92.16","$0.00",0,NULL,"2020-06-28 00:00:00","R",NULL,"W2",False,False,False,False,False,False,"D",True,"1.00",NULL,"1.00",NULL,"1.00",NULL,"1.00","2003-04-24 00:00:00","1.00",NULL,"N","S",NULL,NULL,False,"T1","        ","                  ",0,0,False,False,False,True,False,False,False,False,False,True,False,False,False,True,False,False,False,False,False,False,False,False,False,True,False,NULL," ",NULL,"R",NULL,NULL,0,0,"F","0","F","0","F","0","              ",False,False,False,NULL,"TANGRAM-OP_ORDERLINE-1-112287-32","2025-05-02 00:06:44.974371",NULL,NULL
"-1","TANGRAM","1",112287,33,33,"2003-05-20 00:00:00","A","1     ","0","1.00","FEE                 ","        ","TX*1","$0.00","$120.96","$92.16","$0.00",0,NULL,"2020-06-28 00:00:00","R",NULL,"W2",False,False,False,False,False,False,"D",True,"1.00",NULL,"1.00",NULL,"1.00",NULL,"1.00","2003-05-21 00:00:00","1.00",NULL,"N","S",NULL,NULL,False,"T1","        ","                  ",0,0,False,False,False,True,False,False,False,False,False,True,False,False,False,True,False,False,False,False,False,False,False,False,False,True,False,NULL," ",NULL,"R",NULL,NULL,0,0,"F","0","F","0","F","0","              ",False,False,False,NULL,"TANGRAM-OP_ORDERLINE-1-112287-33","2025-05-02 00:06:44.974371",NULL,NULL
"-1","TANGRAM","1",112287,34,34,"2003-06-24 00:00:00","A","1     ","0","1.00","FEE                 ","        ","TX*1","$0.00","$120.96","$92.16","$0.00",0,NULL,"2020-06-28 00:00:00","R",NULL,"W2",False,False,False,False,False,False,"D",True,"1.00",NULL,"1.00",NULL,"1.00",NULL,"1.00","2003-06-25 00:00:00","1.00",NULL,"N","S",NULL,NULL,False,"T1","        ","                  ",0,0,False,False,False,True,False,False,False,False,False,True,False,False,False,True,False,False,False,False,False,False,False,False,False,True,False,NULL," ",NULL,"R",NULL,NULL,0,0,"F","0","F","0","F","0","              ",False,False,False,NULL,"TANGRAM-OP_ORDERLINE-1-112287-34","2025-05-02 00:06:44.974371",NULL,NULL
"-1","TANGRAM","1",112287,35,35,"2003-09-24 00:00:00","A","1     ","0","1.00","FEE                 ","        ","TX*1","$0.00","$120.96","$92.16","$0.00",0,NULL,"2020-06-28 00:00:00","R",NULL,"W2",False,False,False,False,False,False,"D",True,"1.00",NULL,"1.00",NULL,"1.00",NULL,"1.00","2003-09-24 00:00:00","1.00",NULL,"N","S",NULL,NULL,False,"T1","        ","                  ",0,0,False,False,False,True,False,False,False,False,False,True,False,False,False,True,False,False,False,False,False,False,False,False,False,True,False,NULL," ",NULL,"R",NULL,NULL,0,0,"F","0","F","0","F","0","              ",False,False,False,NULL,"TANGRAM-OP_ORDERLINE-1-112287-35","2025-05-02 00:06:44.974371",NULL,NULL
"-1","TANGRAM","1",112287,36,36,"2003-09-24 00:00:00","A","1     ","0","1.00","FEE                 ","        ","TX*1","$0.00","$120.96","$92.16","$0.00",0,NULL,"2020-06-28 00:00:00","R",NULL,"W2",False,False,False,False,False,False,"D",True,"1.00",NULL,"1.00",NULL,"1.00",NULL,"1.00","2003-09-24 00:00:00","1.00",NULL,"N","S",NULL,NULL,False,"T1","        ","                  ",0,0,False,False,False,True,False,False,False,False,False,True,False,False,False,True,False,False,False,False,False,False,False,False,False,True,False,NULL," ",NULL,"R",NULL,NULL,0,0,"F","0","F","0","F","0","              ",False,False,False,NULL,"TANGRAM-OP_ORDERLINE-1-112287-36","2025-05-02 00:06:44.974371",NULL,NULL
"-1","TANGRAM","1",112287,37,37,"2003-09-24 00:00:00","A","1     ","0","1.00","FEE                 ","        ","TX*1","$0.00","$120.96","$92.16","$0.00",0,NULL,"2020-06-28 00:00:00","R",NULL,"W2",False,False,False,False,False,False,"D",True,"1.00",NULL,"1.00",NULL,"1.00",NULL,"1.00","2003-09-24 00:00:00","1.00",NULL,"N","S",NULL,NULL,False,"T1","        ","                  ",0,0,False,False,False,True,False,False,False,False,False,True,False,False,False,True,False,False,False,False,False,False,False,False,False,True,False,NULL," ",NULL,"R",NULL,NULL,0,0,"F","0","F","0","F","0","              ",False,False,False,NULL,"TANGRAM-OP_ORDERLINE-1-112287-37","2025-05-02 00:06:44.974371",NULL,NULL
"-1","TANGRAM","1",112287,38,38,"2003-10-21 00:00:00","A","1     ","0","1.00","FEE                 ","        ","TX*1","$0.00","$120.96","$92.16","$0.00",0,NULL,"2020-06-28 00:00:00","R",NULL,"W2",False,False,False,False,False,False,"D",True,"1.00",NULL,"1.00",NULL,"1.00",NULL,"1.00","2003-10-22 00:00:00","1.00",NULL,"N","S",NULL,NULL,False,"T1","        ","                  ",0,0,False,False,False,True,False,False,False,False,False,True,False,False,False,True,False,False,False,False,False,False,False,False,False,True,False,NULL," ",NULL,"R",NULL,NULL,0,0,"F","0","F","0","F","0","              ",False,False,False,NULL,"TANGRAM-OP_ORDERLINE-1-112287-38","2025-05-02 00:06:44.974371",NULL,NULL
"-1","TANGRAM","1",112287,39,39,"2003-11-25 00:00:00","A","1     ","0","1.00","FEE                 ","        ","TX*1","$0.00","$120.96","$92.16","$0.00",0,NULL,"2020-06-28 00:00:00","R",NULL,"W2",False,False,False,False,False,False,"D",True,"1.00",NULL,"1.00",NULL,"1.00",NULL,"1.00","2003-11-25 00:00:00","1.00",NULL,"N","S",NULL,NULL,False,"T1","        ","                  ",0,0,False,False,False,True,False,False,False,False,False,True,False,False,False,True,False,False,False,False,False,False,False,False,False,True,False,NULL," ",NULL,"R",NULL,NULL,0,0,"F","0","F","0","F","0","              ",False,False,False,NULL,"TANGRAM-OP_ORDERLINE-1-112287-39","2025-05-02 00:06:44.974371",NULL,NULL
"-1","TANGRAM","1",112287,40,40,"2003-12-22 00:00:00","A","1     ","0","1.00","FEE                 ","        ","TX*1","$0.00","$120.96","$92.16","$0.00",0,NULL,"2020-06-28 00:00:00","R",NULL,"W2",False,False,False,False,False,False,"D",True,"1.00",NULL,"1.00",NULL,"1.00",NULL,"1.00","2003-12-23 00:00:00","1.00",NULL,"N","S",NULL,NULL,False,"T1","        ","                  ",0,0,False,False,False,True,False,False,False,False,False,True,False,False,False,True,False,False,False,False,False,False,False,False,False,True,False,NULL," ",NULL,"R",NULL,NULL,0,0,"F","0","F","0","F","0","              ",False,False,False,NULL,"TANGRAM-OP_ORDERLINE-1-112287-40","2025-05-02 00:06:44.974371",NULL,NULL
"-1","TANGRAM","1",112287,41,41,"2004-01-21 00:00:00","A","1     ","0","1.00","FEE                 ","        ","TX*1","$0.00","$120.96","$92.16","$0.00",0,NULL,"2020-06-28 00:00:00","R",NULL,"W2",False,False,False,False,False,False,"D",True,"1.00",NULL,"1.00",NULL,"1.00",NULL,"1.00","2004-01-22 00:00:00","1.00",NULL,"N","S",NULL,NULL,False,"T1","        ","                  ",0,0,False,False,False,True,False,False,False,False,False,True,False,False,False,True,False,False,False,False,False,False,False,False,False,True,False,NULL," ",NULL,"R",NULL,NULL,0,0,"F","0","F","0","F","0","              ",False,False,False,NULL,"TANGRAM-OP_ORDERLINE-1-112287-41","2025-05-02 00:06:44.974371",NULL,NULL
"-1","TANGRAM","1",112287,42,42,"2004-02-19 00:00:00","A","1     ","0","1.00","FEE                 ","        ","TX*1","$0.00","$120.96","$92.16","$0.00",0,NULL,"2020-06-28 00:00:00","R",NULL,"W2",False,False,False,False,False,False,"D",True,"1.00",NULL,"1.00",NULL,"1.00",NULL,"1.00","2004-02-19 00:00:00","1.00",NULL,"N","S",NULL,NULL,False,"T1","        ","                  ",0,0,False,True,True,False,False,False,True,False,False,True,False,True,True,False,False,False,False,False,False,False,False,True,False,True,False,NULL," ",NULL,"R",NULL,NULL,0,0,"F","0","F","0","F","0","              ",False,False,False,NULL,"TANGRAM-OP_ORDERLINE-1-112287-42","2025-05-02 00:06:44.974371",NULL,NULL
"-1","TANGRAM","1",112287,43,43,"2004-03-24 00:00:00","A","1     ","0","1.00","FEE                 ","        ","TX*1","$0.00","$120.96","$92.16","$0.00",0,NULL,"2020-06-28 00:00:00","R",NULL,"W2",False,False,False,False,False,False,"D",True,"1.00",NULL,"1.00",NULL,"1.00",NULL,"1.00","2004-03-25 00:00:00","1.00",NULL,"N","S",NULL,NULL,False,"T1","        ","                  ",0,0,False,False,False,False,False,False,False,False,False,True,False,False,False,False,False,False,False,False,False,False,False,False,False,True,False,NULL," ",NULL,"R",NULL,NULL,0,0,"F","0","F","0","F","0","              ",False,False,False,NULL,"TANGRAM-OP_ORDERLINE-1-112287-43","2025-05-02 00:06:44.974371",NULL,NULL
"-1","TANGRAM","1",112287,44,44,"2004-04-19 00:00:00","A","1     ","0","1.00","FEE                 ","        ","TX*1","$0.00","$120.96","$92.16","$0.00",0,NULL,"2020-06-28 00:00:00","R",NULL,"W2",False,False,False,False,False,False,"D",True,"1.00",NULL,"1.00",NULL,"1.00",NULL,"1.00","2004-04-20 00:00:00","1.00",NULL,"N","S",NULL,NULL,False,"T1","        ","                  ",0,0,False,False,False,False,False,False,False,False,False,True,False,False,False,False,False,False,False,False,False,False,False,False,False,True,False,NULL," ",NULL,"R",NULL,NULL,0,0,"F","0","F","0","F","0","              ",False,False,False,NULL,"TANGRAM-OP_ORDERLINE-1-112287-44","2025-05-02 00:06:44.974371",NULL,NULL
"-1","TANGRAM","1",112287,45,45,"2004-05-17 00:00:00","A","1     ","0","1.00","FEE                 ","        ","TX*1","$0.00","$120.96","$92.16","$0.00",0,NULL,"2020-06-28 00:00:00","R",NULL,"W2",False,False,False,False,False,False,"D",True,"1.00",NULL,"1.00",NULL,"1.00",NULL,"1.00","2004-05-18 00:00:00","1.00",NULL,"N","S",NULL,NULL,False,"T1","        ","                  ",0,0,False,False,False,False,False,False,False,False,False,True,False,False,False,False,False,False,False,False,False,False,False,False,False,True,False,NULL," ",NULL,"R",NULL,NULL,0,0,"F","0","F","0","F","0","              ",False,False,False,NULL,"TANGRAM-OP_ORDERLINE-1-112287-45","2025-05-02 00:06:44.974371",NULL,NULL
"-1","TANGRAM","1",112287,46,46,"2004-06-22 00:00:00","A","1     ","0","1.00","FEE                 ","        ","TX*1","$0.00","$120.96","$92.16","$0.00",0,NULL,"2020-06-28 00:00:00","R",NULL,"W2",False,False,False,False,False,False,"D",True,"1.00",NULL,"1.00",NULL,"1.00",NULL,"1.00","2004-06-23 00:00:00","1.00",NULL,"N","S",NULL,NULL,False,"T1","        ","                  ",0,0,False,True,False,False,False,False,True,False,False,True,False,True,False,False,False,False,False,False,False,False,False,True,False,True,False,NULL," ",NULL,"R",NULL,NULL,0,0,"F","0","F","0","F","0","              ",False,False,False,NULL,"TANGRAM-OP_ORDERLINE-1-112287-46","2025-05-02 00:06:44.974371",NULL,NULL
"-1","TANGRAM","1",112287,47,47,"2004-07-20 00:00:00","A","1     ","0","1.00","FEE                 ","        ","TX*1","$0.00","$120.96","$92.16","$0.00",0,NULL,"2020-06-28 00:00:00","R",NULL,"W2",False,False,False,False,False,False,"D",True,"1.00",NULL,"1.00",NULL,"1.00",NULL,"1.00","2004-07-21 00:00:00","1.00",NULL,"N","S",NULL,NULL,False,"T1","        ","                  ",0,0,False,False,False,False,False,False,False,False,False,True,False,False,False,False,False,False,False,False,False,False,False,False,False,True,False,NULL," ",NULL,"R",NULL,NULL,0,0,"F","0","F","0","F","0","              ",False,False,False,NULL,"TANGRAM-OP_ORDERLINE-1-112287-47","2025-05-02 00:06:44.974371",NULL,NULL
"-1","TANGRAM","1",112287,48,48,"2004-08-18 00:00:00","A","1     ","0","1.00","FEE                 ","        ","TX*1","$0.00","$120.96","$92.16","$0.00",0,NULL,"2020-06-28 00:00:00","R",NULL,"W2",False,False,False,False,False,False,"D",True,"1.00",NULL,"1.00",NULL,"1.00",NULL,"1.00","2004-08-19 00:00:00","1.00",NULL,"N","S",NULL,NULL,False,"T1","        ","                  ",0,0,False,False,False,False,False,False,False,False,False,True,False,False,False,False,False,False,False,False,False,False,False,False,False,True,False,NULL," ",NULL,"R",NULL,NULL,0,0,"F","0","F","0","F","0","              ",False,False,False,NULL,"TANGRAM-OP_ORDERLINE-1-112287-48","2025-05-02 00:06:44.974371",NULL,NULL
"-1","TANGRAM","1",112287,49,49,"2004-09-21 00:00:00","A","1     ","0","1.00","FEE                 ","        ","TX*1","$0.00","$120.96","$92.16","$0.00",0,NULL,"2020-06-28 00:00:00","R",NULL,"W2",False,False,False,False,False,False,"D",True,"1.00",NULL,"1.00",NULL,"1.00",NULL,"1.00","2004-09-22 00:00:00","1.00",NULL,"N","S",NULL,NULL,False,"T1","        ","                  ",0,0,False,True,False,False,False,False,True,False,False,True,False,True,False,False,False,False,False,False,False,False,False,True,False,True,False,NULL," ",NULL,"R",NULL,NULL,0,0,"F","0","F","0","F","0","              ",False,False,False,NULL,"TANGRAM-OP_ORDERLINE-1-112287-49","2025-05-02 00:06:44.974371",NULL,NULL
"-1","TANGRAM","1",112287,50,50,"2004-10-08 00:00:00","A","1     ","0","1.00","FEE                 ","        ","TX*1","$0.00","$24.00","$12.00","$0.00",0,NULL,"2020-06-28 00:00:00","R",NULL,"SO",False,False,False,True,True,False,"D",True,"1.00",NULL,"1.00","2004-10-08 00:00:00","1.00","2004-10-08 00:00:00","1.00","2004-10-11 00:00:00","1.00",NULL,"N","S",NULL,NULL,False,"T1","        ","                  ",0,0,False,False,False,True,False,False,True,False,False,True,False,False,False,True,False,False,True,False,False,False,False,True,False,True,False,NULL," ",NULL,"R",NULL,NULL,0,0,"F","0","F","0","F","0","              ",False,False,False,NULL,"TANGRAM-OP_ORDERLINE-1-112287-50","2025-05-02 00:06:44.974371",NULL,NULL
"-1","TANGRAM","1",112287,51,51,"2004-10-20 00:00:00","A","1     ","0","1.00","FEE                 ","        ","TX*1","$0.00","$120.96","$92.16","$0.00",0,NULL,"2020-06-28 00:00:00","R",NULL,"W2",False,False,False,False,False,False,"D",True,"1.00",NULL,"1.00",NULL,"1.00",NULL,"1.00","2004-10-21 00:00:00","1.00",NULL,"N","S",NULL,NULL,False,"T1","        ","                  ",0,0,False,True,False,False,False,False,True,False,False,True,False,True,False,False,False,False,False,False,False,False,False,True,False,True,False,NULL," ",NULL,"R",NULL,NULL,0,0,"F","0","F","0","F","0","              ",False,False,False,NULL,"TANGRAM-OP_ORDERLINE-1-112287-51","2025-05-02 00:06:44.974371",NULL,NULL
"-1","TANGRAM","1",112287,52,52,"2004-11-17 00:00:00","A","1     ","0","1.00","FEE                 ","        ","TX*1","$0.00","$120.96","$92.16","$0.00",0,NULL,"2020-06-28 00:00:00","R",NULL,"W2",False,False,False,False,False,False,"D",True,"1.00",NULL,"1.00",NULL,"1.00",NULL,"1.00","2004-11-18 00:00:00","1.00",NULL,"N","S",NULL,NULL,False,"T1","        ","                  ",0,0,False,False,False,False,False,False,False,False,False,True,False,False,False,False,False,False,False,False,False,False,False,False,False,True,False,NULL," ",NULL,"R",NULL,NULL,0,0,"F","0","F","0","F","0","              ",False,False,False,NULL,"TANGRAM-OP_ORDERLINE-1-112287-52","2025-05-02 00:06:44.974371",NULL,NULL
"-1","TANGRAM","1",112287,53,53,"2004-12-27 00:00:00","A","1     ","0","1.00","FEE                 ","        ","TX*1","$0.00","$120.96","$92.16","$0.00",0,NULL,"2020-06-28 00:00:00","R",NULL,"W2",False,False,False,False,False,False,"D",True,"1.00",NULL,"1.00",NULL,"1.00",NULL,"1.00","2004-12-28 00:00:00","1.00",NULL,"N","S",NULL,NULL,False,"T1","        ","                  ",0,0,False,False,False,False,False,False,False,False,False,True,False,False,False,False,False,False,False,False,False,False,False,False,False,True,False,NULL," ",NULL,"R",NULL,NULL,0,0,"F","0","F","0","F","0","              ",False,False,False,NULL,"TANGRAM-OP_ORDERLINE-1-112287-53","2025-05-02 00:06:44.974371",NULL,NULL
"-1","TANGRAM","1",112287,54,54,"2005-01-20 00:00:00","A","1     ","0","1.00","FEE                 ","        ","TX*1","$0.00","$120.96","$92.16","$0.00",0,NULL,"2020-06-28 00:00:00","R",NULL,"W2",False,False,False,False,False,False,"D",True,"1.00",NULL,"1.00",NULL,"1.00",NULL,"1.00","2005-01-21 00:00:00","1.00",NULL,"N","S",NULL,NULL,False,"T1","        ","                  ",0,0,False,False,False,False,False,False,False,False,False,True,False,False,False,False,False,False,False,False,False,False,False,False,False,True,False,NULL," ",NULL,"R",NULL,NULL,0,0,"F","0","F","0","F","0","              ",False,False,False,NULL,"TANGRAM-OP_ORDERLINE-1-112287-54","2025-05-02 00:06:44.974371",NULL,NULL
"-1","TANGRAM","1",112287,55,55,"2005-02-17 00:00:00","A","1     ","0","1.00","FEE                 ","        ","TX*1","$0.00","$120.96","$92.16","$0.00",0,NULL,"2020-06-28 00:00:00","R",NULL,"W2",False,False,False,False,False,False,"D",True,"1.00",NULL,"1.00",NULL,"1.00",NULL,"1.00","2005-02-18 00:00:00","1.00",NULL,"N","S",NULL,NULL,False,"T1","        ","                  ",0,0,False,False,False,False,False,False,False,False,False,True,False,False,False,False,False,False,False,False,False,False,False,False,False,True,False,NULL," ",NULL,"R",NULL,NULL,0,0,"F","0","F","0","F","0","              ",False,False,False,NULL,"TANGRAM-OP_ORDERLINE-1-112287-55","2025-05-02 00:06:44.974371",NULL,NULL
"-1","TANGRAM","1",112287,56,56,"2005-03-23 00:00:00","A","1     ","0","1.00","FEE                 ","        ","TX*1","$0.00","$120.96","$92.16","$0.00",0,NULL,"2020-06-28 00:00:00","R",NULL,"W2",False,False,False,False,False,False,"D",True,"1.00",NULL,"1.00",NULL,"1.00",NULL,"1.00","2005-03-24 00:00:00","1.00",NULL,"N","S",NULL,NULL,False,"T1","        ","                  ",0,0,False,False,False,False,False,False,False,False,False,True,False,False,False,False,False,False,False,False,False,False,False,False,False,True,False,NULL," ",NULL,"R",NULL,NULL,0,0,"F","0","F","0","F","0","              ",False,False,False,NULL,"TANGRAM-OP_ORDERLINE-1-112287-56","2025-05-02 00:06:44.974371",NULL,NULL
"-1","TANGRAM","1",112287,57,57,"2005-04-21 00:00:00","A","1     ","0","1.00","FEE                 ","        ","TX*1","$0.00","$120.96","$92.16","$0.00",0,NULL,"2020-06-28 00:00:00","R",NULL,"W2",False,False,False,False,False,False,"D",True,"1.00",NULL,"1.00",NULL,"1.00",NULL,"1.00","2005-04-21 00:00:00","1.00",NULL,"N","S",NULL,NULL,False,"T1","        ","                  ",0,0,False,False,False,False,False,False,False,False,False,True,False,False,False,False,False,False,False,False,False,False,False,False,False,True,False,NULL," ",NULL,"R",NULL,NULL,0,0,"F","0","F","0","F","0","              ",False,False,False,NULL,"TANGRAM-OP_ORDERLINE-1-112287-57","2025-05-02 00:06:44.974371",NULL,NULL
"-1","TANGRAM","1",112287,58,58,"2005-05-19 00:00:00","A","1     ","0","1.00","FEE                 ","        ","TX*1","$0.00","$120.96","$92.16","$0.00",0,NULL,"2020-06-28 00:00:00","R",NULL,"W2",False,False,False,False,False,False,"D",True,"1.00",NULL,"1.00",NULL,"1.00",NULL,"1.00","2005-05-20 00:00:00","1.00",NULL,"N","S",NULL,NULL,False,"T1","        ","                  ",0,0,False,False,False,False,False,False,False,False,False,True,False,False,False,False,False,False,False,False,False,False,False,False,False,True,False,NULL," ",NULL,"R",NULL,NULL,0,0,"F","0","F","0","F","0","              ",False,False,False,NULL,"TANGRAM-OP_ORDERLINE-1-112287-58","2025-05-02 00:06:44.974371",NULL,NULL
"-1","TANGRAM","1",112287,59,59,"2005-06-22 00:00:00","A","1     ","0","1.00","FEE                 ","        ","TX*1","$0.00","$120.96","$92.16","$0.00",0,NULL,"2020-06-28 00:00:00","R",NULL,"W2",False,False,False,False,False,False,"D",True,"1.00",NULL,"1.00",NULL,"1.00",NULL,"1.00","2005-06-23 00:00:00","1.00",NULL,"N","S",NULL,NULL,False,"T1","        ","                  ",0,0,False,False,False,True,False,False,False,False,False,True,False,False,False,True,False,False,False,False,False,False,False,False,False,True,False,NULL," ",NULL,"R",NULL,NULL,0,0,"F","0","F","0","F","0","              ",False,False,False,NULL,"TANGRAM-OP_ORDERLINE-1-112287-59","2025-05-02 00:06:44.974371",NULL,NULL
"-1","TANGRAM","1",112287,60,60,"2005-07-20 00:00:00","A","1     ","0","1.00","FEE                 ","        ","TX*1","$0.00","$120.96","$92.16","$0.00",0,NULL,"2020-06-28 00:00:00","R",NULL,"W2",False,False,False,False,False,False,"D",True,"1.00",NULL,"1.00",NULL,"1.00",NULL,"1.00","2005-07-21 00:00:00","1.00",NULL,"N","S",NULL,NULL,False,"T1","        ","                  ",0,0,False,False,False,False,False,False,False,False,False,True,False,False,False,False,False,False,False,False,False,False,False,False,False,True,False,NULL," ",NULL,"R",NULL,NULL,0,0,"F","0","F","0","F","0","              ",False,False,False,NULL,"TANGRAM-OP_ORDERLINE-1-112287-60","2025-05-02 00:06:44.974371",NULL,NULL
"-1","TANGRAM","1",112287,61,61,"2005-08-17 00:00:00","A","1     ","0","1.00","FEE                 ","        ","TX*1","$0.00","$120.96","$92.16","$0.00",0,NULL,"2020-06-28 00:00:00","R",NULL,"W2",False,False,False,False,False,False,"D",True,"1.00",NULL,"1.00",NULL,"1.00",NULL,"1.00","2005-08-18 00:00:00","1.00",NULL,"N","S",NULL,NULL,False,"T1","        ","                  ",0,0,False,False,False,False,False,False,False,False,False,True,False,False,False,False,False,False,False,False,False,False,False,False,False,True,False,NULL," ",NULL,"R",NULL,NULL,0,0,"F","0","F","0","F","0","              ",False,False,False,NULL,"TANGRAM-OP_ORDERLINE-1-112287-61","2025-05-02 00:06:44.974371",NULL,NULL
"-1","TANGRAM","1",112287,62,62,"2005-09-22 00:00:00","A","1     ","0","1.00","FEE                 ","        ","TX*1","$0.00","$120.96","$92.16","$0.00",0,NULL,"2020-06-28 00:00:00","R",NULL,"W2",False,False,False,False,False,False,"D",True,"1.00",NULL,"1.00",NULL,"1.00",NULL,"1.00","2005-09-22 00:00:00","1.00",NULL,"N","S",NULL,NULL,False,"T1","        ","                  ",0,0,False,False,False,False,False,False,False,False,False,True,False,False,False,False,False,False,False,False,False,False,False,False,False,True,False,NULL," ",NULL,"R",NULL,NULL,0,0,"F","0","F","0","F","0","              ",False,False,False,NULL,"TANGRAM-OP_ORDERLINE-1-112287-62","2025-05-02 00:06:44.974371",NULL,NULL
"-1","TANGRAM","1",112287,63,63,"2005-10-19 00:00:00","A","1     ","0","1.00","FEE                 ","        ","TX*1","$0.00","$120.96","$92.16","$0.00",0,NULL,"2020-06-28 00:00:00","R",NULL,"W2",False,False,False,False,False,False,"D",True,"1.00",NULL,"1.00",NULL,"1.00",NULL,"1.00","2005-10-20 00:00:00","1.00",NULL,"N","S",NULL,NULL,False,"T1","        ","                  ",0,0,False,False,False,False,False,False,False,False,False,True,False,False,False,False,False,False,False,False,False,False,False,False,False,True,False,NULL," ",NULL,"R",NULL,NULL,0,0,"F","0","F","0","F","0","              ",False,False,False,NULL,"TANGRAM-OP_ORDERLINE-1-112287-63","2025-05-02 00:06:44.974371",NULL,NULL
"-1","TANGRAM","1",112287,64,64,"2005-11-18 00:00:00","A","1     ","0","1.00","FEE                 ","        ","TX*1","$0.00","$120.96","$92.16","$0.00",0,NULL,"2020-06-28 00:00:00","R",NULL,"W2",False,False,False,False,False,False,"D",True,"1.00",NULL,"1.00",NULL,"1.00",NULL,"1.00","2005-11-18 00:00:00","1.00",NULL,"N","S",NULL,NULL,False,"T1","        ","                  ",0,0,False,False,False,False,False,False,False,False,False,True,False,False,False,False,False,False,False,False,False,False,False,False,False,True,False,NULL," ",NULL,"R",NULL,NULL,0,0,"F","0","F","0","F","0","              ",False,False,False,NULL,"TANGRAM-OP_ORDERLINE-1-112287-64","2025-05-02 00:06:44.974371",NULL,NULL
"-1","TANGRAM","1",112287,65,65,"2005-12-29 00:00:00","A","1     ","0","1.00","FEE                 ","        ","TX*1","$0.00","$120.96","$92.16","$0.00",0,NULL,"2020-06-28 00:00:00","R",NULL,"W2",False,False,False,False,False,False,"D",True,"1.00",NULL,"1.00",NULL,"1.00",NULL,"1.00","2005-12-29 00:00:00","1.00",NULL,"N","S",NULL,NULL,False,"T1","        ","                  ",0,0,False,False,False,False,False,False,False,False,False,True,False,False,False,False,False,False,False,False,False,False,False,False,False,True,False,NULL," ",NULL,"R",NULL,NULL,0,0,"F","0","F","0","F","0","              ",False,False,False,NULL,"TANGRAM-OP_ORDERLINE-1-112287-65","2025-05-02 00:06:44.974371",NULL,NULL
"-1","TANGRAM","1",112287,66,66,"2006-01-25 00:00:00","A","1     ","0","1.00","FEE                 ","        ","TX*1","$0.00","$120.96","$92.16","$0.00",0,NULL,"2020-06-28 00:00:00","R",NULL,"W2",False,False,False,False,False,False,"D",True,"1.00",NULL,"1.00",NULL,"1.00",NULL,"1.00","2006-01-26 00:00:00","1.00",NULL,"N","S",NULL,NULL,False,"T1","        ","                  ",0,0,False,False,False,False,False,False,False,False,False,True,False,False,False,False,False,False,False,False,False,False,False,False,False,True,False,NULL," ",NULL,"R",NULL,NULL,0,0,"F","0","F","0","F","0","              ",False,False,False,NULL,"TANGRAM-OP_ORDERLINE-1-112287-66","2025-05-02 00:06:44.974371",NULL,NULL
"-1","TANGRAM","1",112287,67,67,"2006-02-22 00:00:00","A","1     ","0","1.00","FEE                 ","        ","TX*1","$0.00","$120.96","$92.16","$0.00",0,NULL,"2020-06-28 00:00:00","R",NULL,"W2",False,False,False,False,False,False,"D",True,"1.00",NULL,"1.00",NULL,"1.00",NULL,"1.00","2006-02-23 00:00:00","1.00",NULL,"N","S",NULL,NULL,False,"T1","        ","                  ",0,0,False,False,False,True,False,False,False,False,False,True,False,False,False,True,False,False,False,False,False,False,False,False,False,True,False,NULL," ",NULL,"R",NULL,NULL,0,0,"F","0","F","0","F","0","              ",False,False,False,NULL,"TANGRAM-OP_ORDERLINE-1-112287-67","2025-05-02 00:06:44.974371",NULL,NULL
"-1","TANGRAM","1",112287,68,68,"2006-03-28 00:00:00","A","1     ","0","1.00","FEE                 ","        ","TX*1","$0.00","$120.96","$92.16","$0.00",0,NULL,"2020-06-28 00:00:00","R",NULL,"W2",False,False,False,False,False,False,"D",True,"1.00",NULL,"1.00",NULL,"1.00",NULL,"1.00","2006-03-29 00:00:00","1.00",NULL,"N","S",NULL,NULL,False,"T1","        ","                  ",0,0,False,False,False,False,False,False,False,False,False,True,False,False,False,False,False,False,False,False,False,False,False,False,False,True,False,NULL," ",NULL,"R",NULL,NULL,0,0,"F","0","F","0","F","0","              ",False,False,False,NULL,"TANGRAM-OP_ORDERLINE-1-112287-68","2025-05-02 00:06:44.974371",NULL,NULL
"-1","TANGRAM","1",112287,69,69,"2006-04-25 00:00:00","A","1     ","0","1.00","FEE                 ","        ","NTAX","$0.00","$120.96","$92.16","$0.00",0,NULL,"2020-06-28 00:00:00","R",NULL,"W2",False,False,False,False,False,False,"D",True,"1.00",NULL,"1.00",NULL,"1.00",NULL,"1.00","2006-04-26 00:00:00","1.00",NULL,"N","S",NULL,NULL,False,"T1","        ","                  ",0,0,False,False,False,False,False,False,False,False,False,True,False,False,False,False,False,False,False,False,False,False,False,False,False,True,False,NULL," ",NULL,"R",NULL,NULL,0,0,"F","0","F","0","F","0","              ",False,False,False,NULL,"TANGRAM-OP_ORDERLINE-1-112287-69","2025-05-02 00:06:44.974371",NULL,NULL
"-1","TANGRAM","1",112287,70,70,"2006-05-24 00:00:00","A","1     ","0","1.00","FEE                 ","        ","NTAX","$0.00","$120.96","$92.16","$0.00",0,NULL,"2020-06-28 00:00:00","R",NULL,"W2",False,False,False,False,False,False,"D",True,"1.00",NULL,"1.00",NULL,"1.00",NULL,"1.00","2006-05-25 00:00:00","1.00",NULL,"N","S",NULL,NULL,False,"T1","        ","                  ",0,0,False,False,False,False,False,False,False,False,False,True,False,False,False,False,False,False,False,False,False,False,False,False,False,True,False,NULL," ",NULL,"R",NULL,NULL,0,0,"F","0","F","0","F","0","              ",False,False,False,NULL,"TANGRAM-OP_ORDERLINE-1-112287-70","2025-05-02 00:06:44.974371",NULL,NULL
"-1","TANGRAM","1",112287,71,71,"2006-06-27 00:00:00","A","1     ","0","1.00","FEE                 ","        ","NTAX","$0.00","$120.96","$92.16","$0.00",0,NULL,"2020-06-28 00:00:00","R",NULL,"W2",False,False,False,False,False,False,"D",True,"1.00",NULL,"1.00",NULL,"1.00",NULL,"1.00","2006-06-28 00:00:00","1.00",NULL,"N","S",NULL,NULL,False,"T1","        ","                  ",0,0,False,False,False,False,False,False,False,False,False,True,False,False,False,False,False,False,False,False,False,False,False,False,False,True,False,NULL," ",NULL,"R",NULL,NULL,0,0,"F","0","F","0","F","0","              ",False,False,False,NULL,"TANGRAM-OP_ORDERLINE-1-112287-71","2025-05-02 00:06:44.974371",NULL,NULL
"-1","TANGRAM","1",112287,72,72,"2006-07-25 00:00:00","A","1     ","0","1.00","FEE                 ","        ","NTAX","$0.00","$120.96","$92.16","$0.00",0,NULL,"2020-06-28 00:00:00","R",NULL,"W2",False,False,False,False,False,False,"D",True,"1.00",NULL,"1.00",NULL,"1.00",NULL,"1.00","2006-07-26 00:00:00","1.00",NULL,"N","S",NULL,NULL,False,"T1","        ","                  ",0,0,False,False,False,False,False,False,False,False,False,True,False,False,False,False,False,False,False,False,False,False,False,False,False,True,False,NULL," ",NULL,"R",NULL,NULL,0,0,"F","0","F","0","F","0","              ",False,False,False,NULL,"TANGRAM-OP_ORDERLINE-1-112287-72","2025-05-02 00:06:44.974371",NULL,NULL
"-1","TANGRAM","1",112287,73,73,"2006-08-23 00:00:00","A","1     ","0","1.00","FEE                 ","        ","NTAX","$0.00","$120.96","$92.16","$0.00",0,NULL,"2020-06-28 00:00:00","R",NULL,"W2",False,False,False,False,False,False,"D",True,"1.00",NULL,"1.00",NULL,"1.00",NULL,"1.00","2006-08-24 00:00:00","1.00",NULL,"N","S",NULL,NULL,False,"T1","        ","                  ",0,0,False,False,False,False,False,False,False,False,False,True,False,False,False,False,False,False,False,False,False,False,False,False,False,True,False,NULL," ",NULL,"R",NULL,NULL,0,0,"F","0","F","0","F","0","              ",False,False,False,NULL,"TANGRAM-OP_ORDERLINE-1-112287-73","2025-05-02 00:06:44.974371",NULL,NULL
"-1","TANGRAM","1",112287,74,74,"2006-09-27 00:00:00","A","1     ","0","1.00","FEE                 ","        ","NTAX","$0.00","$120.96","$92.16","$0.00",0,NULL,"2020-06-28 00:00:00","R",NULL,"W2",False,False,False,False,False,False,"D",True,"1.00",NULL,"1.00",NULL,"1.00",NULL,"1.00","2006-09-27 00:00:00","1.00",NULL,"N","S",NULL,NULL,False,"T1","        ","                  ",0,0,False,False,False,False,False,False,False,False,False,True,False,False,False,False,False,False,False,False,False,False,False,False,False,True,False,NULL," ",NULL,"R",NULL,NULL,0,0,"F","0","F","0","F","0","              ",False,False,False,NULL,"TANGRAM-OP_ORDERLINE-1-112287-74","2025-05-02 00:06:44.974371",NULL,NULL
"-1","TANGRAM","1",112287,75,75,"2006-10-25 00:00:00","A","1     ","0","1.00","FEE                 ","        ","NTAX","$0.00","$120.96","$92.16","$0.00",0,NULL,"2020-06-28 00:00:00","R",NULL,"W2",False,False,False,False,False,False,"D",True,"1.00",NULL,"1.00",NULL,"1.00",NULL,"1.00","2006-10-26 00:00:00","1.00",NULL,"N","S",NULL,NULL,False,"T1","        ","                  ",0,0,False,False,False,False,False,False,False,False,False,True,False,False,False,False,False,False,False,False,False,False,False,False,False,True,False,NULL," ",NULL,"R",NULL,NULL,0,0,"F","0","F","0","F","0","              ",False,False,False,NULL,"TANGRAM-OP_ORDERLINE-1-112287-75","2025-05-02 00:06:44.974371",NULL,NULL
"-1","TANGRAM","1",112287,76,76,"2006-11-20 00:00:00","A","1     ","0","1.00","FEE                 ","        ","NTAX","$0.00","$120.96","$92.16","$0.00",0,NULL,"2020-06-28 00:00:00","R",NULL,"W2",False,False,False,False,False,False,"D",True,"1.00",NULL,"1.00",NULL,"1.00",NULL,"1.00","2006-11-21 00:00:00","1.00",NULL,"N","S",NULL,NULL,False,"T1","        ","                  ",0,0,False,False,False,False,False,False,False,False,False,True,False,False,False,False,False,False,False,False,False,False,False,False,False,True,False,NULL," ",NULL,"R",NULL,NULL,0,0,"F","0","F","0","F","0","              ",False,False,False,NULL,"TANGRAM-OP_ORDERLINE-1-112287-76","2025-05-02 00:06:44.974371",NULL,NULL
"-1","TANGRAM","1",112287,77,77,"2006-12-27 00:00:00","A","1     ","0","1.00","FEE                 ","        ","NTAX","$0.00","$60.48","$46.08","$0.00",0,NULL,"2020-06-28 00:00:00","R",NULL,"W2",False,False,False,False,False,False,"D",True,"1.00",NULL,"1.00",NULL,"1.00",NULL,"1.00","2006-12-27 00:00:00","1.00",NULL,"N","S",NULL,NULL,False,"T1","        ","                  ",0,0,False,False,False,False,False,False,True,False,False,True,False,False,False,False,False,False,False,False,False,False,False,True,False,True,False,NULL," ",NULL,"R",NULL,NULL,0,0,"F","0","F","0","F","0","              ",False,False,False,NULL,"TANGRAM-OP_ORDERLINE-1-112287-77","2025-05-02 00:06:44.974371",NULL,NULL
"-1","TANGRAM","1",112287,78,78,"2007-01-24 00:00:00","A","1     ","0","1.00","FEE                 ","        ","NTAX","$0.00","$60.48","$46.08","$0.00",0,NULL,"2020-06-28 00:00:00","R",NULL,"W2",False,False,False,False,False,False,"D",True,"1.00",NULL,"1.00",NULL,"1.00",NULL,"1.00","2007-01-25 00:00:00","1.00",NULL,"N","S",NULL,NULL,False,"T1","        ","                  ",0,0,False,False,False,False,False,False,False,False,False,True,False,False,False,False,False,False,False,False,False,False,False,False,False,True,False,NULL," ",NULL,"R",NULL,NULL,0,0,"F","0","F","0","F","0","              ",False,False,False,NULL,"TANGRAM-OP_ORDERLINE-1-112287-78","2025-05-02 00:06:44.974371",NULL,NULL
"-1","TANGRAM","1",112287,79,79,"2007-02-22 00:00:00","A","1     ","0","1.00","FEE                 ","        ","NTAX","$0.00","$60.48","$46.08","$0.00",0,NULL,"2020-06-28 00:00:00","R",NULL,"W2",False,False,False,False,False,False,"D",True,"1.00",NULL,"1.00",NULL,"1.00",NULL,"1.00","2007-02-23 00:00:00","1.00",NULL,"N","S",NULL,NULL,False,"T1","        ","                  ",0,0,False,False,False,False,False,False,False,False,False,True,False,False,False,False,False,False,False,False,False,False,False,False,False,True,False,NULL," ",NULL,"R",NULL,NULL,0,0,"F","0","F","0","F","0","              ",False,False,False,NULL,"TANGRAM-OP_ORDERLINE-1-112287-79","2025-05-02 00:06:44.974371",NULL,NULL
"-1","TANGRAM","1",112287,80,80,"2007-03-28 00:00:00","A","1     ","0","1.00","FEE                 ","        ","NTAX","$0.00","$60.48","$46.08","$0.00",0,NULL,"2020-06-28 00:00:00","R",NULL,"W2",False,False,False,False,False,False,"D",True,"1.00",NULL,"1.00",NULL,"1.00",NULL,"1.00","2007-03-29 00:00:00","1.00",NULL,"N","S",NULL,NULL,False,"T1","        ","                  ",0,0,False,False,False,False,False,False,False,False,False,True,False,False,False,False,False,False,False,False,False,False,False,False,False,True,False,NULL," ",NULL,"R",NULL,NULL,0,0,"F","0","F","0","F","0","              ",False,False,False,NULL,"TANGRAM-OP_ORDERLINE-1-112287-80","2025-05-02 00:06:44.974371",NULL,NULL
"-1","TANGRAM","1",112287,81,81,"2007-04-24 00:00:00","A","1     ","0","1.00","FEE                 ","        ","NTAX","$0.00","$60.48","$46.08","$0.00",0,NULL,"2020-06-28 00:00:00","R",NULL,"W2",False,False,False,False,False,False,"D",True,"1.00",NULL,"1.00",NULL,"1.00",NULL,"1.00","2007-04-25 00:00:00","1.00",NULL,"N","S",NULL,NULL,False,"T1","        ","                  ",0,0,False,False,False,False,False,False,False,False,False,True,False,False,False,False,False,False,False,False,False,False,False,False,False,True,False,NULL," ",NULL,"R",NULL,NULL,0,0,"F","0","F","0","F","0","              ",False,False,False,NULL,"TANGRAM-OP_ORDERLINE-1-112287-81","2025-05-02 00:06:44.974371",NULL,NULL
"-1","TANGRAM","1",112287,82,82,"2007-05-23 00:00:00","A","1     ","0","1.00","FEE                 ","        ","NTAX","$0.00","$60.48","$46.08","$0.00",0,NULL,"2020-06-28 00:00:00","R",NULL,"W2",False,False,False,False,False,False,"D",True,"1.00",NULL,"1.00",NULL,"1.00",NULL,"1.00","2007-05-23 00:00:00","1.00",NULL,"N","S",NULL,NULL,False,"T1","        ","                  ",0,0,False,False,False,False,False,False,False,False,False,True,False,False,False,False,False,False,False,False,False,False,False,False,False,True,False,NULL," ",NULL,"R",NULL,NULL,0,0,"F","0","F","0","F","0","              ",False,False,False,NULL,"TANGRAM-OP_ORDERLINE-1-112287-82","2025-05-02 00:06:44.974371",NULL,NULL
"-1","TANGRAM","1",112287,83,83,"2007-06-26 00:00:00","A","1     ","0","1.00","FEE                 ","        ","NTAX","$0.00","$60.48","$46.08","$0.00",0,NULL,"2020-06-28 00:00:00","R",NULL,"W2",False,False,False,False,False,False,"D",True,"1.00",NULL,"1.00",NULL,"1.00",NULL,"1.00","2007-06-27 00:00:00","1.00",NULL,"N","S",NULL,NULL,False,"T1","        ","                  ",0,0,False,False,False,False,False,False,False,False,False,True,False,False,False,False,False,False,False,False,False,False,False,False,False,True,False,NULL," ",NULL,"R",NULL,NULL,0,0,"F","0","F","0","F","0","              ",False,False,False,NULL,"TANGRAM-OP_ORDERLINE-1-112287-83","2025-05-02 00:06:44.974371",NULL,NULL
"-1","TANGRAM","1",112287,84,84,"2007-07-24 00:00:00","A","1     ","0","1.00","FEE                 ","        ","NTAX","$0.00","$60.48","$46.08","$0.00",0,NULL,"2020-06-28 00:00:00","R",NULL,"W2",False,False,False,False,False,False,"D",True,"1.00",NULL,"1.00",NULL,"1.00",NULL,"1.00","2007-07-25 00:00:00","1.00",NULL,"N","S",NULL,NULL,False,"T1","        ","                  ",0,0,False,False,False,False,False,False,False,False,False,True,False,False,False,False,False,False,False,False,False,False,False,False,False,True,False,NULL," ",NULL,"R",NULL,NULL,0,0,"F","0","F","0","F","0","              ",False,False,False,NULL,"TANGRAM-OP_ORDERLINE-1-112287-84","2025-05-02 00:06:44.974371",NULL,NULL
"-1","TANGRAM","1",112287,85,85,"2007-08-14 00:00:00","A","1     ","0","1.00","FEE                 ","        ","NTAX","$0.00","$60.48","$46.08","$0.00",0,NULL,"2020-06-28 00:00:00","R",NULL,"W2",False,False,False,False,False,False,"D",True,"1.00",NULL,"1.00",NULL,"1.00",NULL,"1.00","2007-08-15 00:00:00","1.00",NULL,"N","S",NULL,NULL,False,"T1","        ","                  ",0,0,False,False,False,False,False,False,False,False,False,True,False,False,False,False,False,False,False,False,False,False,False,False,False,True,False,NULL," ",NULL,"R",NULL,NULL,0,0,"F","0","F","0","F","0","              ",False,False,False,NULL,"TANGRAM-OP_ORDERLINE-1-112287-85","2025-05-02 00:06:44.974371",NULL,NULL
"-1","TANGRAM","1",112287,86,86,"2007-09-26 00:00:00","A","1     ","0","1.00","FEE                 ","        ","NTAX","$0.00","$60.48","$46.08","$0.00",0,NULL,"2020-06-28 00:00:00","R",NULL,"W2",False,False,False,False,False,False,"D",True,"1.00",NULL,"1.00",NULL,"1.00",NULL,"1.00","2007-09-26 00:00:00","1.00",NULL,"N","S",NULL,NULL,False,"T1","        ","                  ",0,0,False,False,False,False,False,False,False,False,False,True,False,False,False,False,False,False,False,False,False,False,False,False,False,True,False,NULL," ",NULL,"R",NULL,NULL,0,0,"F","0","F","0","F","0","              ",False,False,False,NULL,"TANGRAM-OP_ORDERLINE-1-112287-86","2025-05-02 00:06:44.974371",NULL,NULL
"-1","TANGRAM","1",112287,87,87,"2007-10-24 00:00:00","A","1     ","0","1.00","FEE                 ","        ","NTAX","$0.00","$60.48","$46.08","$0.00",0,NULL,"2020-06-28 00:00:00","R",NULL,"W2",False,False,False,False,False,False,"D",True,"1.00",NULL,"1.00",NULL,"1.00",NULL,"1.00","2007-10-25 00:00:00","1.00",NULL,"N","S",NULL,NULL,False,"T1","        ","                  ",0,0,False,False,False,False,False,False,False,False,False,True,False,False,False,False,False,False,False,False,False,False,False,False,False,True,False,NULL," ",NULL,"R",NULL,NULL,0,0,"F","0","F","0","F","0","              ",False,False,False,NULL,"TANGRAM-OP_ORDERLINE-1-112287-87","2025-05-02 00:06:44.974371",NULL,NULL
"-1","TANGRAM","1",112287,88,88,"2007-11-19 00:00:00","A","1     ","0","288.00","FEE                 ","        ","NTAX","$0.00","$0.21","$0.16","$0.00",0,NULL,"2020-06-28 00:00:00","R",NULL,"W2",False,False,False,False,False,False,"D",True,"288.00",NULL,"288.00",NULL,"288.00",NULL,"288.00","2007-11-20 00:00:00","288.00",NULL,"N","S",NULL,NULL,False,"T1","        ","                  ",0,0,False,False,False,False,False,False,False,False,False,True,False,False,False,False,False,False,False,False,False,False,False,False,False,True,False,NULL," ",NULL,"R",NULL,NULL,0,0,"F","0","F","0","F","0","              ",False,False,False,NULL,"TANGRAM-OP_ORDERLINE-1-112287-88","2025-05-02 00:06:44.974371",NULL,NULL
"-1","TANGRAM","1",112287,89,89,"2007-12-26 00:00:00","A","1     ","0","288.00","FEE                 ","        ","NTAX","$0.00","$0.21","$0.16","$0.00",0,NULL,"2020-06-28 00:00:00","R",NULL,"W2",False,False,False,False,False,False,"D",True,"288.00",NULL,"288.00",NULL,"288.00",NULL,"288.00","2007-12-27 00:00:00","288.00",NULL,"N","S",NULL,NULL,False,"T1","        ","                  ",0,0,False,False,False,False,False,False,False,False,False,True,False,False,False,False,False,False,False,False,False,False,False,False,False,True,False,NULL," ",NULL,"R",NULL,NULL,0,0,"F","0","F","0","F","0","              ",False,False,False,NULL,"TANGRAM-OP_ORDERLINE-1-112287-89","2025-05-02 00:06:44.974371",NULL,NULL
"-1","TANGRAM","1",112287,90,90,"2008-01-23 00:00:00","A","1     ","0","288.00","FEE                 ","        ","NTAX","$0.00","$0.21","$0.16","$0.00",0,NULL,"2020-06-28 00:00:00","R",NULL,"W2",False,False,False,False,False,False,"D",True,"288.00",NULL,"288.00",NULL,"288.00",NULL,"288.00","2008-01-24 00:00:00","288.00",NULL,"N","S",NULL,NULL,False,"T1","        ","                  ",0,0,False,False,False,False,False,False,False,False,False,True,False,False,False,False,False,False,False,False,False,False,False,False,False,True,False,NULL," ",NULL,"R",NULL,NULL,0,0,"F","0","F","0","F","0","              ",False,False,False,NULL,"TANGRAM-OP_ORDERLINE-1-112287-90","2025-05-02 00:06:44.974371",NULL,NULL
"-1","TANGRAM","1",112287,91,91,"2008-02-19 00:00:00","A","1     ","0","288.00","FEE                 ","        ","NTAX","$0.00","$0.21","$0.16","$0.00",0,NULL,"2020-06-28 00:00:00","R",NULL,"W2",False,False,False,False,False,False,"D",True,"288.00",NULL,"288.00",NULL,"288.00",NULL,"288.00","2008-02-19 00:00:00","288.00",NULL,"N","S",NULL,NULL,False,"T1","        ","                  ",0,0,False,False,False,False,False,False,False,False,False,True,False,False,False,False,False,False,False,False,False,False,False,False,False,True,False,NULL," ",NULL,"R",NULL,NULL,0,0,"F","0","F","0","F","0","              ",False,False,False,NULL,"TANGRAM-OP_ORDERLINE-1-112287-91","2025-05-02 00:06:44.974371",NULL,NULL
"-1","TANGRAM","1",112287,92,92,"2008-03-25 00:00:00","A","1     ","0","288.00","FEE                 ","        ","NTAX","$0.00","$0.21","$0.16","$0.00",0,NULL,"2020-06-28 00:00:00","R",NULL,"W2",False,False,False,False,False,False,"D",True,"288.00",NULL,"288.00",NULL,"288.00",NULL,"288.00","2008-03-26 00:00:00","288.00",NULL,"N","S",NULL,NULL,False,"T1","        ","                  ",0,0,False,False,False,False,False,False,False,False,False,True,False,False,False,False,False,False,False,False,False,False,False,False,False,True,False,NULL," ",NULL,"R",NULL,NULL,0,0,"F","0","F","0","F","0","              ",False,False,False,NULL,"TANGRAM-OP_ORDERLINE-1-112287-92","2025-05-02 00:06:44.974371",NULL,NULL
"-1","TANGRAM","1",112287,93,93,"2008-04-22 00:00:00","A","1     ","0","288.00","FEE                 ","        ","NTAX","$0.00","$0.21","$0.16","$0.00",0,NULL,"2020-06-28 00:00:00","R",NULL,"W2",False,False,False,False,False,False,"D",True,"288.00",NULL,"288.00",NULL,"288.00",NULL,"288.00","2008-04-23 00:00:00","288.00",NULL,"N","S",NULL,NULL,False,"T1","        ","                  ",0,0,False,False,False,False,False,False,False,False,False,True,False,False,False,False,False,False,False,False,False,False,False,False,False,True,False,NULL," ",NULL,"R",NULL,NULL,0,0,"F","0","F","0","F","0","              ",False,False,False,NULL,"TANGRAM-OP_ORDERLINE-1-112287-93","2025-05-02 00:06:44.974371",NULL,NULL
"-1","TANGRAM","1",112287,94,94,"2008-05-19 00:00:00","A","1     ","0","288.00","FEE                 ","        ","NTAX","$0.00","$0.21","$0.16","$0.00",0,NULL,"2020-06-28 00:00:00","R",NULL,"W2",False,False,False,False,False,False,"D",True,"288.00",NULL,"288.00",NULL,"288.00",NULL,"288.00","2008-05-20 00:00:00","288.00",NULL,"N","S",NULL,NULL,False,"T1","        ","                  ",0,0,False,False,False,False,False,False,False,False,False,True,False,False,False,False,False,False,False,False,False,False,False,False,False,True,False,NULL," ",NULL,"R",NULL,NULL,0,0,"F","0","F","0","F","0","              ",False,False,False,NULL,"TANGRAM-OP_ORDERLINE-1-112287-94","2025-05-02 00:06:44.974371",NULL,NULL
"-1","TANGRAM","1",112287,95,95,"2008-06-23 00:00:00","A","1     ","0","288.00","FEE                 ","        ","NTAX","$0.00","$0.21","$0.16","$0.00",0,NULL,"2020-06-28 00:00:00","R",NULL,"W2",False,False,False,False,False,False,"D",True,"288.00",NULL,"288.00",NULL,"288.00",NULL,"288.00","2008-06-24 00:00:00","288.00",NULL,"N","S",NULL,NULL,False,"T1","        ","                  ",0,0,False,False,False,False,False,False,False,False,False,True,False,False,False,False,False,False,False,False,False,False,False,False,False,True,False,NULL," ",NULL,"R",NULL,NULL,0,0,"F","0","F","0","F","0","              ",False,False,False,NULL,"TANGRAM-OP_ORDERLINE-1-112287-95","2025-05-02 00:06:44.974371",NULL,NULL
"-1","TANGRAM","1",112287,96,96,"2008-07-22 00:00:00","A","1     ","0","288.00","FEE                 ","        ","NTAX","$0.00","$0.21","$0.16","$0.00",0,NULL,"2020-06-28 00:00:00","R",NULL,"W2",False,False,False,False,False,False,"D",True,"288.00",NULL,"288.00",NULL,"288.00",NULL,"288.00","2008-07-23 00:00:00","288.00",NULL,"N","S",NULL,NULL,False,"T1","        ","                  ",0,0,False,False,False,False,False,False,False,False,False,True,False,False,False,False,False,False,False,False,False,False,False,False,False,True,False,NULL," ",NULL,"R",NULL,NULL,0,0,"F","0","F","0","F","0","              ",False,False,False,NULL,"TANGRAM-OP_ORDERLINE-1-112287-96","2025-05-02 00:06:44.974371",NULL,NULL
"-1","TANGRAM","1",112287,97,97,"2008-08-19 00:00:00","A","1     ","0","288.00","FEE                 ","        ","NTAX","$0.00","$0.21","$0.16","$0.00",0,NULL,"2020-06-28 00:00:00","R",NULL,"W2",False,False,False,False,False,False,"D",True,"288.00",NULL,"288.00",NULL,"288.00",NULL,"288.00","2008-08-20 00:00:00","288.00",NULL,"N","S",NULL,NULL,False,"T1","        ","                  ",0,0,False,False,False,False,False,False,False,False,False,True,False,False,False,False,False,False,False,False,False,False,False,False,False,True,False,NULL," ",NULL,"R",NULL,NULL,0,0,"F","0","F","0","F","0","              ",False,False,False,NULL,"TANGRAM-OP_ORDERLINE-1-112287-97","2025-05-02 00:06:44.974371",NULL,NULL
"-1","TANGRAM","1",112287,98,98,"2008-09-23 00:00:00","A","1     ","0","288.00","FEE                 ","        ","NTAX","$0.00","$0.21","$0.16","$0.00",0,NULL,"2020-06-28 00:00:00","R",NULL,"W2",False,False,False,False,False,False,"D",True,"288.00",NULL,"288.00",NULL,"288.00",NULL,"288.00","2008-09-24 00:00:00","288.00",NULL,"N","S",NULL,NULL,False,"T1","        ","                  ",0,0,False,False,False,False,False,False,False,False,False,True,False,False,False,False,False,False,False,False,False,False,False,False,False,True,False,NULL," ",NULL,"R",NULL,NULL,0,0,"F","0","F","0","F","0","              ",False,False,False,NULL,"TANGRAM-OP_ORDERLINE-1-112287-98","2025-05-02 00:06:44.974371",NULL,NULL
"-1","TANGRAM","1",112287,99,99,"2008-10-21 00:00:00","A","1     ","0","288.00","FEE                 ","        ","NTAX","$0.00","$0.21","$0.16","$0.00",0,NULL,"2020-06-28 00:00:00","R",NULL,"W2",False,False,False,False,False,False,"D",True,"288.00",NULL,"288.00",NULL,"288.00",NULL,"288.00","2008-10-22 00:00:00","288.00",NULL,"N","S",NULL,NULL,False,"T1","        ","                  ",0,0,False,False,False,False,False,False,False,False,False,True,False,False,False,False,False,False,False,False,False,False,False,False,False,True,False,NULL," ",NULL,"R",NULL,NULL,0,0,"F","0","F","0","F","0","              ",False,False,False,NULL,"TANGRAM-OP_ORDERLINE-1-112287-99","2025-05-02 00:06:44.974371",NULL,NULL
