"hds_orderheader_id","organization_id","company_code","order_index","order_type","order_no","spec_l_order_indictr","project_id","customer_no","customer_po_number","customer_po_date","date_entered","date_last_modified","expiration_date","register_print_date","title","salesperson_id_1","salesperson_1_pct","salesperson_id_2","negotiated_comm","delivery_indicator","cust_ack_indicator","invoicing_indicator","disguise_indicator","customer_terms_code","order_status","location_code","cus_ack_print_date","cus_ack_maj_version","cus_ack_min_version","osr_print_date","osr_maj_version","osr_min_version","std_presentation_ack","std_presentation_dt","std_presentation_inv","std_presentation_osr","lease_code","default_tax_code","po_to_print","ack_to_print","dt_to_print","invoice_to_print","orig_qte_number","audit_id","price_presentation","quote_print_date","quote_address","cus_ack_address","cus_ord_status_addr","invoice_address","check_gross_profit","last_invoice_date","target_gp_","presold_exclude_date","retail_order","all_labor_billable","print_inst_pln_wrksh","last_ts_actvty_date","global_customer","original_sell","original_cost","original_tax","invoice_summary","service_order_indicator","customer_po_amount","time_and_materials","sti_invoice_type","prospect_no","quote_released","date_order_not_active","manual_percent_complete","do_not_use_line_image_opt","do_not_use_standard_image_opt","do_not_use_subsection_image_opt","xml_fragment","objectkey","created_on","updated_on","process_id"
"-1","TANGRAM","1",112287,"O",38967,"S",NULL,"BES005","SIGNEDQT95333/RENTAL","2001-01-11 00:00:00","2000-04-01 00:00:00","2022-12-20 00:00:00",NULL,NULL,"rental","999","100",NULL,"0","C","N","H","N","E ","A","1  ","2001-10-26 00:00:00",5,6,NULL,0,0,"C","C","C","C","  ","CERT","Y","N","N","N",95333,"TER","S","2001-01-11 00:00:00","D","D","D","D",True,NULL,"39.42",NULL,False,False,False,NULL,False,"$0.00","$0.00","$0.00",False,False,"$0.00",False,"L",NULL,False,"2022-12-20 00:00:00",False,"N","N","N","<Env><Line_Image_Opt>N</Line_Image_Opt><Stds_Image_Opt>N</Stds_Image_Opt><Subsec_Image_Opt>N</Subsec_Image_Opt><Carton_Request>N</Carton_Request><Large_Image_Size>1</Large_Image_Size><Line_Fin_Summ>N</Line_Fin_Summ><Stds_Fin_Summ>N</Stds_Fin_Summ><Subsec_Fin_Summ>N</Subsec_Fin_Summ><Fin_Summ>N</Fin_Summ><Lock_Order>0</Lock_Order><Quick_Turn_Around>0</Quick_Turn_Around><Quote_Type>B</Quote_Type></Env>","TANGRAM-OP_ORDER_HEADER-1-112287-O","2025-05-02 00:06:44.974371",NULL,NULL
"-1","TANGRAM","1",112960,"O",39362,"S",NULL,"TH24  ","STORAGE/21000014931","2001-01-22 00:00:00","2001-01-22 00:00:00","2020-08-25 00:00:00",NULL,NULL," OR# 995015 STORAGE BILLING             ","PUR","100",NULL,"0","C","N","P","N","4 ","A","2  ","2004-03-17 00:00:00",7,0,NULL,0,0,"C","C","C","C","  ","LO10","N","N","N","N",95876,"TER","S",NULL,"D","D","D","D",True,NULL,"18.75",NULL,False,False,False,NULL,False,"$0.00","$0.00","$0.00",False,False,"$0.00",False,"L",NULL,False,"2020-08-25 00:00:00",False,"N","N","N","<Env><Line_Image_Opt>N</Line_Image_Opt><Stds_Image_Opt>N</Stds_Image_Opt><Subsec_Image_Opt>N</Subsec_Image_Opt><Carton_Request>N</Carton_Request><Large_Image_Size>1</Large_Image_Size><Line_Fin_Summ>N</Line_Fin_Summ><Stds_Fin_Summ>N</Stds_Fin_Summ><Subsec_Fin_Summ>N</Subsec_Fin_Summ><Fin_Summ>N</Fin_Summ><Lock_Order>0</Lock_Order><Quick_Turn_Around>0</Quick_Turn_Around><Quote_Type>B</Quote_Type></Env>","TANGRAM-OP_ORDER_HEADER-1-112960-O","2025-05-02 00:06:44.974371",NULL,NULL
"-1","TANGRAM","1",112961,"O",39363,"S",NULL,"PI20  ","STORAGE             ","2001-01-22 00:00:00","2001-01-22 00:00:00","2019-03-27 00:00:00",NULL,NULL,"OR# 995009 STORAGE BILLING              ","900","100",NULL,"0","C","N","C","N","5 ","A","2  ","2001-06-26 00:00:00",6,0,NULL,0,0,"C","C","C","C","  ","NTAX","N","N","N","N",95877,"TER","S",NULL,"D","D","D","M",True,NULL,"18.75",NULL,False,False,False,NULL,False,"$0.00","$0.00","$0.00",False,False,"$0.00",False,"L",NULL,False,"2019-03-27 00:00:00",False,"N","N","N","<Env><Line_Image_Opt>N</Line_Image_Opt><Stds_Image_Opt>N</Stds_Image_Opt><Subsec_Image_Opt>N</Subsec_Image_Opt><Carton_Request>N</Carton_Request><Large_Image_Size>1</Large_Image_Size><Line_Fin_Summ>N</Line_Fin_Summ><Stds_Fin_Summ>N</Stds_Fin_Summ><Subsec_Fin_Summ>N</Subsec_Fin_Summ><Fin_Summ>N</Fin_Summ><Lock_Order>0</Lock_Order><Quick_Turn_Around>0</Quick_Turn_Around><Quote_Type>B</Quote_Type></Env>","TANGRAM-OP_ORDER_HEADER-1-112961-O","2025-05-02 00:06:44.974371",NULL,NULL
"-1","TANGRAM","1",112962,"O",39364,"S",NULL,"PI01  ","2904                ","2001-01-22 00:00:00","2001-01-22 00:00:00","2013-11-25 00:00:00",NULL,NULL,"OR# 995007 STORAGE BILLING              ","512","100",NULL,"0","C","N","P","N","4 ","A","2  ","2001-06-26 00:00:00",6,0,NULL,0,0,"C","C","C","C","  ","OR10","N","Y","N","N",95878,"TER","S",NULL,"D","D","D","D",False,NULL,"18.75",NULL,False,False,False,NULL,False,"$0.00","$0.00","$0.00",False,False,"$0.00",False,"L",NULL,False,"2013-11-25 00:00:00",False,"N","N","N","<Env><Line_Image_Opt>N</Line_Image_Opt><Stds_Image_Opt>N</Stds_Image_Opt><Subsec_Image_Opt>N</Subsec_Image_Opt><Carton_Request>N</Carton_Request><Large_Image_Size>1</Large_Image_Size><Line_Fin_Summ>N</Line_Fin_Summ><Stds_Fin_Summ>N</Stds_Fin_Summ><Subsec_Fin_Summ>N</Subsec_Fin_Summ><Fin_Summ>N</Fin_Summ><Lock_Order>0</Lock_Order><Quick_Turn_Around>0</Quick_Turn_Around><Quote_Type>B</Quote_Type></Env>","TANGRAM-OP_ORDER_HEADER-1-112962-O","2025-05-02 00:06:44.974371",NULL,NULL
"-1","TANGRAM","1",112967,"O",39367,"S",NULL,"MI21  ","STORAGE             ","2001-01-22 00:00:00","2001-01-22 00:00:00","2015-05-28 00:00:00",NULL,NULL,"OR# 994971 STORAGE BILLING              ","PUR","100",NULL,"0","C","N","P","N","1 ","A","2  ","2001-10-26 00:00:00",9,0,NULL,0,0,"C","C","C","C","  ","OR10","N","N","N","N",95883,"TER","S",NULL,"D","D","D","D",True,NULL,"18.75",NULL,False,False,False,NULL,False,"$0.00","$0.00","$0.00",False,False,"$0.00",False,"L",NULL,False,"2015-05-28 00:00:00",False,"N","N","N","<Env><Line_Image_Opt>N</Line_Image_Opt><Stds_Image_Opt>N</Stds_Image_Opt><Subsec_Image_Opt>N</Subsec_Image_Opt><Carton_Request>N</Carton_Request><Large_Image_Size>1</Large_Image_Size><Line_Fin_Summ>N</Line_Fin_Summ><Stds_Fin_Summ>N</Stds_Fin_Summ><Subsec_Fin_Summ>N</Subsec_Fin_Summ><Fin_Summ>N</Fin_Summ><Lock_Order>0</Lock_Order><Quick_Turn_Around>0</Quick_Turn_Around><Quote_Type>B</Quote_Type></Env>","TANGRAM-OP_ORDER_HEADER-1-112967-O","2025-05-02 00:06:44.974371",NULL,NULL
"-1","TANGRAM","1",112976,"O",39373,"S",NULL,"DA18  ","STORAGE             ","2001-01-22 00:00:00","2001-01-22 00:00:00","2022-12-20 00:00:00",NULL,NULL,"OR# 994895 STORAGE BILLING              ","999","100",NULL,"0","C","N","P","N","0 ","A","1  ","2001-06-26 00:00:00",6,0,NULL,0,0,"C","C","C","C","  ","CERT","N","Y","N","N",95892,"TER","S",NULL,"D","D","D","D",True,NULL,"18.75",NULL,False,False,False,NULL,False,"$0.00","$0.00","$0.00",False,False,"$0.00",False,"L",NULL,False,"2022-12-20 00:00:00",False,"N","N","N","<Env><Line_Image_Opt>N</Line_Image_Opt><Stds_Image_Opt>N</Stds_Image_Opt><Subsec_Image_Opt>N</Subsec_Image_Opt><Carton_Request>N</Carton_Request><Large_Image_Size>1</Large_Image_Size><Line_Fin_Summ>N</Line_Fin_Summ><Stds_Fin_Summ>N</Stds_Fin_Summ><Subsec_Fin_Summ>N</Subsec_Fin_Summ><Fin_Summ>N</Fin_Summ><Lock_Order>0</Lock_Order><Quick_Turn_Around>0</Quick_Turn_Around><Quote_Type>B</Quote_Type></Env>","TANGRAM-OP_ORDER_HEADER-1-112976-O","2025-05-02 00:06:44.974371",NULL,NULL
"-1","TANGRAM","1",141784,"O",55863,"S",NULL,"GTE260","W22281370           ","2002-02-12 00:00:00","2002-02-12 00:00:00","2002-02-14 00:00:00",NULL,NULL,"W22281370 (NEWBURY PARK)                ","620","100",NULL,"0","C","N","I","V","4 ","A","1  ",NULL,0,0,NULL,0,0,"C","C","C","C","  ","VE10","N","N","N","N",0,"NDU","S",NULL,"D","D","D","D",True,NULL,"50",NULL,False,False,False,NULL,False,"$50.00","$25.00","$0.00",False,False,"$0.00",False,"L",NULL,False,NULL,False,"N","N","N","<Env><Line_Image_Opt>N</Line_Image_Opt><Stds_Image_Opt>N</Stds_Image_Opt><Subsec_Image_Opt>N</Subsec_Image_Opt><Carton_Request>N</Carton_Request><Large_Image_Size>1</Large_Image_Size><Line_Fin_Summ>N</Line_Fin_Summ><Stds_Fin_Summ>N</Stds_Fin_Summ><Subsec_Fin_Summ>N</Subsec_Fin_Summ><Fin_Summ>N</Fin_Summ><Lock_Order>0</Lock_Order><Quick_Turn_Around>0</Quick_Turn_Around><Quote_Type>B</Quote_Type></Env>","TANGRAM-OP_ORDER_HEADER-1-141784-O","2025-05-02 00:06:44.974371",NULL,NULL
"-1","TANGRAM","1",154299,"O",62764,"S",NULL,"JON022","WO637001-1          ","2002-09-25 00:00:00","2002-08-09 00:00:00","2003-07-28 00:00:00",NULL,NULL,"LA HEADQUARTERS/MICHAEL HOOPER","520","100",NULL,"0","C","N","I","V","4 ","A","1  ",NULL,0,0,NULL,0,0,"C","C","C","C","  ","LO10","N","N","N","N",129285,"TER","S",NULL,"D","D","D","D",False,NULL,"58.33",NULL,False,False,False,NULL,False,"$60.00","$25.00","$0.00",False,False,"$0.00",False,"L",NULL,False,NULL,False,"N","N","N","<Env><Line_Image_Opt>N</Line_Image_Opt><Stds_Image_Opt>N</Stds_Image_Opt><Subsec_Image_Opt>N</Subsec_Image_Opt><Carton_Request>N</Carton_Request><Large_Image_Size>1</Large_Image_Size><Line_Fin_Summ>N</Line_Fin_Summ><Stds_Fin_Summ>N</Stds_Fin_Summ><Subsec_Fin_Summ>N</Subsec_Fin_Summ><Fin_Summ>N</Fin_Summ><Lock_Order>0</Lock_Order><Quick_Turn_Around>0</Quick_Turn_Around><Quote_Type>B</Quote_Type></Env>","TANGRAM-OP_ORDER_HEADER-1-154299-O","2025-05-02 00:06:44.974371",NULL,NULL
"-1","TANGRAM","1",159736,"O",66102,"S","132410","KAB006","C521872             ","2002-11-08 00:00:00","2002-11-08 00:00:00","2003-05-01 00:00:00",NULL,NULL,"TERESITA/LEAPS/CANTARA                  ","545","0","CLE","0","C","N","C","N","4 ","A","2  ","2002-11-11 00:00:00",1,0,NULL,0,0,"C","C","C","C","  ","LO10","N","N","N","N",133778,"TER","S","2002-11-04 00:00:00","D","D","D","D",False,NULL,"20.1",NULL,False,False,False,NULL,False,"$5,312.54","$4,244.67","$434.41",False,False,"$0.00",False,"L",NULL,False,NULL,False,"N","N","N","<Env><Line_Image_Opt>N</Line_Image_Opt><Stds_Image_Opt>N</Stds_Image_Opt><Subsec_Image_Opt>N</Subsec_Image_Opt><Carton_Request>N</Carton_Request><Large_Image_Size>1</Large_Image_Size><Line_Fin_Summ>N</Line_Fin_Summ><Stds_Fin_Summ>N</Stds_Fin_Summ><Subsec_Fin_Summ>N</Subsec_Fin_Summ><Fin_Summ>N</Fin_Summ><Lock_Order>0</Lock_Order><Quick_Turn_Around>0</Quick_Turn_Around><Quote_Type>B</Quote_Type></Env>","TANGRAM-OP_ORDER_HEADER-1-159736-O","2025-05-02 00:06:44.974371",NULL,NULL
"-1","TANGRAM","1",173646,"O",77832,"S",NULL,"AM40  ","SIGNED QUOTE 145433","2003-09-04 00:00:00","2003-09-09 00:00:00","2004-01-05 00:00:00",NULL,NULL,"RNCHO CUCO                              ","544","100",NULL,"0","P","O","I","N","1 ","A","2  ","2003-12-12 00:00:00",6,0,NULL,0,0,"C","C","C","C","  ","SA12","N","N","N","N",145433,"TER","S","2003-09-03 00:00:00","D","D","D","D",True,NULL,"26.42",NULL,False,False,False,NULL,False,"$25,431.35","$18,713.10","$1,828.33",False,False,"$0.00",False,"L",NULL,False,NULL,False,"N","N","N","<Env><Line_Image_Opt>N</Line_Image_Opt><Stds_Image_Opt>N</Stds_Image_Opt><Subsec_Image_Opt>N</Subsec_Image_Opt><Carton_Request>N</Carton_Request><Large_Image_Size>1</Large_Image_Size><Line_Fin_Summ>N</Line_Fin_Summ><Stds_Fin_Summ>N</Stds_Fin_Summ><Subsec_Fin_Summ>N</Subsec_Fin_Summ><Fin_Summ>N</Fin_Summ><Lock_Order>0</Lock_Order><Quick_Turn_Around>0</Quick_Turn_Around><Quote_Type>B</Quote_Type></Env>","TANGRAM-OP_ORDER_HEADER-1-173646-O","2025-05-02 00:06:44.974371",NULL,NULL
"-1","TANGRAM","1",181391,"O",78294,"S",NULL,"CAL505","TREENA CURTIS","2000-12-28 00:00:00","2003-09-17 00:00:00","2013-04-24 00:00:00",NULL,NULL,"MONTHLY STORAGE","999","100",NULL,"0","C","N","P","N","1 ","A","1  ",NULL,0,0,NULL,0,0,"C","C","C","C","  ","NTAX","N","N","N","N",0,"GST","S",NULL,"D","D","D","D",False,NULL,"30",NULL,False,False,False,NULL,False,"$1,182.16","$827.52","$0.00",False,False,"$0.00",False,"L",NULL,False,"2013-04-24 00:00:00",False,"N","N","N","<Env><Line_Image_Opt>N</Line_Image_Opt><Stds_Image_Opt>N</Stds_Image_Opt><Subsec_Image_Opt>N</Subsec_Image_Opt><Carton_Request>N</Carton_Request><Large_Image_Size>1</Large_Image_Size><Line_Fin_Summ>N</Line_Fin_Summ><Stds_Fin_Summ>N</Stds_Fin_Summ><Subsec_Fin_Summ>N</Subsec_Fin_Summ><Fin_Summ>N</Fin_Summ><Lock_Order>0</Lock_Order><Quick_Turn_Around>0</Quick_Turn_Around><Quote_Type>B</Quote_Type></Env>","TANGRAM-OP_ORDER_HEADER-1-181391-O","2025-05-02 00:06:44.974371",NULL,NULL
"-1","TANGRAM","1",181546,"O",78392,"S",NULL,"MCD015","NEED NEW PO#/MELAINA","2017-11-08 00:00:00","2003-09-18 00:00:00","2017-11-08 00:00:00",NULL,NULL,"STORAGE/HUNTINGTON BEACH FACILITY","579","100",NULL,"0","C","N","P","N","T ","A","2  ",NULL,0,0,NULL,0,0,"C","C","C","C","  ","NTAX","N","N","N","N",0,"GST","S",NULL,"D","D","D","M",False,NULL,"17.65",NULL,False,False,False,NULL,False,"$2,203.20","$1,814.40","$0.00",False,False,"$0.00",False,"L",NULL,False,"2017-11-08 00:00:00",False,"N","N","N","<Env><Line_Image_Opt>N</Line_Image_Opt><Stds_Image_Opt>N</Stds_Image_Opt><Subsec_Image_Opt>N</Subsec_Image_Opt><Carton_Request>N</Carton_Request><Large_Image_Size>1</Large_Image_Size><Line_Fin_Summ>N</Line_Fin_Summ><Stds_Fin_Summ>N</Stds_Fin_Summ><Subsec_Fin_Summ>N</Subsec_Fin_Summ><Fin_Summ>N</Fin_Summ><Lock_Order>0</Lock_Order><Quick_Turn_Around>0</Quick_Turn_Around><Quote_Type>B</Quote_Type></Env>","TANGRAM-OP_ORDER_HEADER-1-181546-O","2025-05-02 00:06:44.974371",NULL,NULL
"-1","TANGRAM","1",189613,"O",83460,"C",NULL,"WES045","SIGNED QT #154290","2003-10-24 00:00:00","2003-12-17 00:00:00","2009-03-23 00:00:00",NULL,NULL,"Final Cost Adj - Order 80555/Inv 193567 ","800","0","600","0","C","N","C","N","1 ","A","1  ",NULL,0,0,NULL,0,0,"C","C","C","C","  ","LO10","N","N","N","N",154290,"DSH","S",NULL,"D","D","D","D",True,NULL,"40",NULL,False,False,False,NULL,False,"$0.00","$0.00","$0.00",False,False,"$0.00",False,"L",NULL,False,"2009-03-23 00:00:00",False,"N","N","N","<Env><Line_Image_Opt>N</Line_Image_Opt><Stds_Image_Opt>N</Stds_Image_Opt><Subsec_Image_Opt>N</Subsec_Image_Opt><Carton_Request>N</Carton_Request><Large_Image_Size>1</Large_Image_Size><Line_Fin_Summ>N</Line_Fin_Summ><Stds_Fin_Summ>N</Stds_Fin_Summ><Subsec_Fin_Summ>N</Subsec_Fin_Summ><Fin_Summ>N</Fin_Summ><Lock_Order>0</Lock_Order><Quick_Turn_Around>0</Quick_Turn_Around><Quote_Type>B</Quote_Type></Env>","TANGRAM-OP_ORDER_HEADER-1-189613-O","2025-05-02 00:06:44.974371",NULL,NULL
"-1","TANGRAM","1",199024,"O",89269,"S",NULL,"ARB001","W153511-1-66S","2004-04-15 00:00:00","2004-04-15 00:00:00","2017-11-30 00:00:00",NULL,NULL,"BOOZ ALLEN SNAPTRACKER","103","100",NULL,"0","C","N","C","N","4 ","A","1  ","2012-06-28 00:00:00",82,0,NULL,0,0,"S","S","S","S","  ","OS*1","N","N","N","N",165125,"DBY","S","2004-04-12 00:00:00","D","D","D","M",True,NULL,"58.33",NULL,False,False,False,NULL,False,"$979.92","$408.32","$0.00",False,False,"$0.00",False,"L",NULL,False,"2017-11-30 00:00:00",False,"N","N","N","<Env><Line_Image_Opt>N</Line_Image_Opt><Stds_Image_Opt>N</Stds_Image_Opt><Subsec_Image_Opt>N</Subsec_Image_Opt><Carton_Request>N</Carton_Request><Large_Image_Size>1</Large_Image_Size><Line_Fin_Summ>N</Line_Fin_Summ><Stds_Fin_Summ>N</Stds_Fin_Summ><Subsec_Fin_Summ>N</Subsec_Fin_Summ><Fin_Summ>N</Fin_Summ><Lock_Order>0</Lock_Order><Quick_Turn_Around>0</Quick_Turn_Around><Quote_Type>B</Quote_Type></Env>","TANGRAM-OP_ORDER_HEADER-1-199024-O","2025-05-02 00:06:44.974371",NULL,NULL
"-1","TANGRAM","1",199670,"O",89521,"C",NULL,"WES045","SIGNED QUOTE 155136","2003-11-07 00:00:00","2004-04-20 00:00:00","2009-03-23 00:00:00",NULL,NULL,"Final Cost Adj - Order 81259/Inv 196801 ","800","0","600","0","C","N","C","N","1 ","A","1  ",NULL,0,0,NULL,0,0,"S","S","S","S","  ","LO10","N","N","N","N",155136,"DSH","S",NULL,"D","D","D","D",True,NULL,"0",NULL,False,False,False,NULL,False,"$0.00","$0.00","$0.00",False,False,"$0.00",False,"L",NULL,False,"2009-03-23 00:00:00",False,"N","N","N","<Env><Line_Image_Opt>N</Line_Image_Opt><Stds_Image_Opt>N</Stds_Image_Opt><Subsec_Image_Opt>N</Subsec_Image_Opt><Carton_Request>N</Carton_Request><Large_Image_Size>1</Large_Image_Size><Line_Fin_Summ>N</Line_Fin_Summ><Stds_Fin_Summ>N</Stds_Fin_Summ><Subsec_Fin_Summ>N</Subsec_Fin_Summ><Fin_Summ>N</Fin_Summ><Lock_Order>0</Lock_Order><Quick_Turn_Around>0</Quick_Turn_Around><Quote_Type>B</Quote_Type></Env>","TANGRAM-OP_ORDER_HEADER-1-199670-O","2025-05-02 00:06:44.974371",NULL,NULL
"-1","TANGRAM","1",199676,"O",89527,"C",NULL,"WES045","SIGNED QUOTE 155136","2003-11-07 00:00:00","2004-04-20 00:00:00","2009-03-23 00:00:00",NULL,NULL,"Final Cost Adj - Order 81259/Inv 199028 ","800","0","600","0","C","N","C","N","1 ","A","1  ",NULL,0,0,NULL,0,0,"S","S","S","S","  ","LO10","N","N","N","N",155136,"DSH","S",NULL,"D","D","D","D",True,NULL,"0",NULL,False,False,False,NULL,False,"$0.00","$0.00","$0.00",False,False,"$0.00",False,"L",NULL,False,"2009-03-23 00:00:00",False,"N","N","N","<Env><Line_Image_Opt>N</Line_Image_Opt><Stds_Image_Opt>N</Stds_Image_Opt><Subsec_Image_Opt>N</Subsec_Image_Opt><Carton_Request>N</Carton_Request><Large_Image_Size>1</Large_Image_Size><Line_Fin_Summ>N</Line_Fin_Summ><Stds_Fin_Summ>N</Stds_Fin_Summ><Subsec_Fin_Summ>N</Subsec_Fin_Summ><Fin_Summ>N</Fin_Summ><Lock_Order>0</Lock_Order><Quick_Turn_Around>0</Quick_Turn_Around><Quote_Type>B</Quote_Type></Env>","TANGRAM-OP_ORDER_HEADER-1-199676-O","2025-05-02 00:06:44.974371",NULL,NULL
"-1","TANGRAM","1",199681,"O",89532,"C",NULL,"WES045","SIGNED QUOTE 155136","2003-11-07 00:00:00","2004-04-20 00:00:00","2009-03-23 00:00:00",NULL,NULL,"Final Cost Adj - Order 81259/Inv 200757 ","800","0","600","0","C","N","C","N","1 ","A","1  ",NULL,0,0,NULL,0,0,"S","S","S","S","  ","LO10","N","N","N","N",155136,"DSH","S",NULL,"D","D","D","D",True,NULL,"0",NULL,False,False,False,NULL,False,"$0.00","$0.00","$0.00",False,False,"$0.00",False,"L",NULL,False,"2009-03-23 00:00:00",False,"N","N","N","<Env><Line_Image_Opt>N</Line_Image_Opt><Stds_Image_Opt>N</Stds_Image_Opt><Subsec_Image_Opt>N</Subsec_Image_Opt><Carton_Request>N</Carton_Request><Large_Image_Size>1</Large_Image_Size><Line_Fin_Summ>N</Line_Fin_Summ><Stds_Fin_Summ>N</Stds_Fin_Summ><Subsec_Fin_Summ>N</Subsec_Fin_Summ><Fin_Summ>N</Fin_Summ><Lock_Order>0</Lock_Order><Quick_Turn_Around>0</Quick_Turn_Around><Quote_Type>B</Quote_Type></Env>","TANGRAM-OP_ORDER_HEADER-1-199681-O","2025-05-02 00:06:44.974371",NULL,NULL
"-1","TANGRAM","1",202081,"O",90863,"C",NULL,"WES045","SIGNED QUOTE 155136","2003-11-07 00:00:00","2004-05-18 00:00:00","2009-03-23 00:00:00",NULL,NULL,"Final Cost Adj - Order 81259/Inv 196801 ","800","0","600","0","C","N","C","N","1 ","A","1  ",NULL,0,0,NULL,0,0,"S","S","S","S","  ","LO10","N","N","N","N",155136,"DSH","S",NULL,"D","D","D","D",True,NULL,"0",NULL,False,False,False,NULL,False,"$0.00","$0.00","$0.00",False,False,"$0.00",False,"L",NULL,False,"2009-03-23 00:00:00",False,"N","N","N","<Env><Line_Image_Opt>N</Line_Image_Opt><Stds_Image_Opt>N</Stds_Image_Opt><Subsec_Image_Opt>N</Subsec_Image_Opt><Carton_Request>N</Carton_Request><Large_Image_Size>1</Large_Image_Size><Line_Fin_Summ>N</Line_Fin_Summ><Stds_Fin_Summ>N</Stds_Fin_Summ><Subsec_Fin_Summ>N</Subsec_Fin_Summ><Fin_Summ>N</Fin_Summ><Lock_Order>0</Lock_Order><Quick_Turn_Around>0</Quick_Turn_Around><Quote_Type>B</Quote_Type></Env>","TANGRAM-OP_ORDER_HEADER-1-202081-O","2025-05-02 00:06:44.974371",NULL,NULL
"-1","TANGRAM","1",202089,"O",90870,"C",NULL,"WES045","SIGNED QUOTE 155136","2003-11-07 00:00:00","2004-05-18 00:00:00","2009-03-23 00:00:00",NULL,NULL,"Final Cost Adj - Order 81259/Inv 199028 ","800","0","600","0","C","N","C","N","1 ","A","1  ",NULL,0,0,NULL,0,0,"S","S","S","S","  ","LO10","N","N","N","N",155136,"DSH","S",NULL,"D","D","D","D",True,NULL,"0",NULL,False,False,False,NULL,False,"$0.00","$0.00","$0.00",False,False,"$0.00",False,"L",NULL,False,"2009-03-23 00:00:00",False,"N","N","N","<Env><Line_Image_Opt>N</Line_Image_Opt><Stds_Image_Opt>N</Stds_Image_Opt><Subsec_Image_Opt>N</Subsec_Image_Opt><Carton_Request>N</Carton_Request><Large_Image_Size>1</Large_Image_Size><Line_Fin_Summ>N</Line_Fin_Summ><Stds_Fin_Summ>N</Stds_Fin_Summ><Subsec_Fin_Summ>N</Subsec_Fin_Summ><Fin_Summ>N</Fin_Summ><Lock_Order>0</Lock_Order><Quick_Turn_Around>0</Quick_Turn_Around><Quote_Type>B</Quote_Type></Env>","TANGRAM-OP_ORDER_HEADER-1-202089-O","2025-05-02 00:06:44.974371",NULL,NULL
"-1","TANGRAM","1",202095,"O",90875,"C",NULL,"WES045","SIGNED QUOTE 155136","2003-11-07 00:00:00","2004-05-18 00:00:00","2009-03-23 00:00:00",NULL,NULL,"Final Cost Adj - Order 81259/Inv 200757 ","800","0","600","0","C","N","C","N","1 ","A","1  ",NULL,0,0,NULL,0,0,"S","S","S","S","  ","LO10","N","N","N","N",155136,"DSH","S",NULL,"D","D","D","D",True,NULL,"0",NULL,False,False,False,NULL,False,"$0.00","$0.00","$0.00",False,False,"$0.00",False,"L",NULL,False,"2009-03-23 00:00:00",False,"N","N","N","<Env><Line_Image_Opt>N</Line_Image_Opt><Stds_Image_Opt>N</Stds_Image_Opt><Subsec_Image_Opt>N</Subsec_Image_Opt><Carton_Request>N</Carton_Request><Large_Image_Size>1</Large_Image_Size><Line_Fin_Summ>N</Line_Fin_Summ><Stds_Fin_Summ>N</Stds_Fin_Summ><Subsec_Fin_Summ>N</Subsec_Fin_Summ><Fin_Summ>N</Fin_Summ><Lock_Order>0</Lock_Order><Quick_Turn_Around>0</Quick_Turn_Around><Quote_Type>B</Quote_Type></Env>","TANGRAM-OP_ORDER_HEADER-1-202095-O","2025-05-02 00:06:44.974371",NULL,NULL
"-1","TANGRAM","1",202109,"O",90888,"C",NULL,"WES045","SIGNED QUOTE 155136","2003-11-07 00:00:00","2004-05-18 00:00:00","2009-03-23 00:00:00",NULL,NULL,"Final Cost Adj - Order 81259/Inv 202998 ","800","0","600","0","C","N","C","N","1 ","A","1  ",NULL,0,0,NULL,0,0,"S","S","S","S","  ","LO10","N","N","N","N",155136,"DSH","S",NULL,"D","D","D","D",True,NULL,"0",NULL,False,False,False,NULL,False,"$0.00","$0.00","$0.00",False,False,"$0.00",False,"L",NULL,False,"2009-03-23 00:00:00",False,"N","N","N","<Env><Line_Image_Opt>N</Line_Image_Opt><Stds_Image_Opt>N</Stds_Image_Opt><Subsec_Image_Opt>N</Subsec_Image_Opt><Carton_Request>N</Carton_Request><Large_Image_Size>1</Large_Image_Size><Line_Fin_Summ>N</Line_Fin_Summ><Stds_Fin_Summ>N</Stds_Fin_Summ><Subsec_Fin_Summ>N</Subsec_Fin_Summ><Fin_Summ>N</Fin_Summ><Lock_Order>0</Lock_Order><Quick_Turn_Around>0</Quick_Turn_Around><Quote_Type>B</Quote_Type></Env>","TANGRAM-OP_ORDER_HEADER-1-202109-O","2025-05-02 00:06:44.974371",NULL,NULL
"-1","TANGRAM","1",204766,"O",117451,"S","169890","US20  ","HHSF322200550034G","2005-10-07 00:00:00","2005-10-19 00:00:00","2006-06-08 00:00:00",NULL,NULL,"SAN PEDRO/2 PRIVATE OFFICES","548","100",NULL,"0","C","N","P","N","4 ","A","1  ",NULL,0,0,NULL,0,0,"S","S","S","S","  ","GV*1","N","N","N","N",169741,"SIM","S","2005-06-30 00:00:00","D","D","D","M",False,NULL,"48.18",NULL,False,False,False,NULL,False,"$2,751.97","$1,426.12","$0.00",False,False,"$0.00",False,"S",NULL,False,NULL,False,"N","N","N","<Env><Line_Image_Opt>N</Line_Image_Opt><Stds_Image_Opt>N</Stds_Image_Opt><Subsec_Image_Opt>N</Subsec_Image_Opt><Carton_Request>N</Carton_Request><Large_Image_Size>1</Large_Image_Size><Line_Fin_Summ>N</Line_Fin_Summ><Stds_Fin_Summ>N</Stds_Fin_Summ><Subsec_Fin_Summ>N</Subsec_Fin_Summ><Fin_Summ>N</Fin_Summ><Lock_Order>0</Lock_Order><Quick_Turn_Around>0</Quick_Turn_Around><Quote_Type>B</Quote_Type></Env>","TANGRAM-OP_ORDER_HEADER-1-204766-O","2025-05-02 00:06:44.974371",NULL,NULL
"-1","TANGRAM","1",210557,"O",95798,"C",NULL,"WES045","SIGNED QUOTE 155136","2003-11-07 00:00:00","2004-08-20 00:00:00","2009-03-23 00:00:00",NULL,NULL,"Final Cost Adj - Order 81259/Inv 206872 ","800","0","600","0","C","N","C","N","1 ","A","1  ",NULL,0,0,NULL,0,0,"S","S","S","S","  ","LO10","N","N","N","N",155136,"DSH","S",NULL,"D","D","D","D",True,NULL,"0",NULL,False,False,False,NULL,False,"$0.00","$0.00","$0.00",False,False,"$0.00",False,"L",NULL,False,"2009-03-23 00:00:00",False,"N","N","N","<Env><Line_Image_Opt>N</Line_Image_Opt><Stds_Image_Opt>N</Stds_Image_Opt><Subsec_Image_Opt>N</Subsec_Image_Opt><Carton_Request>N</Carton_Request><Large_Image_Size>1</Large_Image_Size><Line_Fin_Summ>N</Line_Fin_Summ><Stds_Fin_Summ>N</Stds_Fin_Summ><Subsec_Fin_Summ>N</Subsec_Fin_Summ><Fin_Summ>N</Fin_Summ><Lock_Order>0</Lock_Order><Quick_Turn_Around>0</Quick_Turn_Around><Quote_Type>B</Quote_Type></Env>","TANGRAM-OP_ORDER_HEADER-1-210557-O","2025-05-02 00:06:44.974371",NULL,NULL
"-1","TANGRAM","1",215730,"O",115382,"S","178376","BAA001","D631055","2005-09-13 00:00:00","2005-09-14 00:00:00","2006-02-24 00:00:00",NULL,NULL,"WEST GLENDALE / KAREN JONES","502","100",NULL,"0","C","N","C","N","4 ","A","1  ",NULL,0,0,NULL,0,0,"S","S","S","S","  ","LO10","N","N","N","N",178376,"AGU","S","2005-07-26 00:00:00","D","D","D","M",False,NULL,"93.99",NULL,False,False,False,NULL,False,"$51,096.03","$3,072.94","$4,122.86",False,False,"$0.00",False,"S",NULL,False,NULL,False,"N","N","N","<Env><Line_Image_Opt>N</Line_Image_Opt><Stds_Image_Opt>N</Stds_Image_Opt><Subsec_Image_Opt>N</Subsec_Image_Opt><Carton_Request>N</Carton_Request><Large_Image_Size>1</Large_Image_Size><Line_Fin_Summ>N</Line_Fin_Summ><Stds_Fin_Summ>N</Stds_Fin_Summ><Subsec_Fin_Summ>N</Subsec_Fin_Summ><Fin_Summ>N</Fin_Summ><Lock_Order>0</Lock_Order><Quick_Turn_Around>0</Quick_Turn_Around><Quote_Type>B</Quote_Type></Env>","TANGRAM-OP_ORDER_HEADER-1-215730-O","2025-05-02 00:06:44.974371",NULL,NULL
"-1","TANGRAM","1",216011,"O",115408,"S","178599","BAA001","D631093","2005-09-13 00:00:00","2005-09-14 00:00:00","2009-02-18 00:00:00",NULL,NULL,"THOUSAND OAKS BRANCH","502","100",NULL,"0","C","N","C","N","4 ","A","1  ",NULL,0,0,NULL,0,0,"S","S","S","S","  ","LO10","N","N","N","N",178599,"AGU","S","2005-09-13 00:00:00","D","D","D","M",False,NULL,"48.71",NULL,False,False,False,NULL,False,"$3,350.35","$1,718.30","$254.23",False,False,"$0.00",False,"S",NULL,False,"2009-02-18 00:00:00",False,"N","N","N","<Env><Line_Image_Opt>N</Line_Image_Opt><Stds_Image_Opt>N</Stds_Image_Opt><Subsec_Image_Opt>N</Subsec_Image_Opt><Carton_Request>N</Carton_Request><Large_Image_Size>1</Large_Image_Size><Line_Fin_Summ>N</Line_Fin_Summ><Stds_Fin_Summ>N</Stds_Fin_Summ><Subsec_Fin_Summ>N</Subsec_Fin_Summ><Fin_Summ>N</Fin_Summ><Lock_Order>0</Lock_Order><Quick_Turn_Around>0</Quick_Turn_Around><Quote_Type>B</Quote_Type></Env>","TANGRAM-OP_ORDER_HEADER-1-216011-O","2025-05-02 00:06:44.974371",NULL,NULL
"-1","TANGRAM","1",217253,"O",120492,"S",NULL,"BAA001","D766795","2005-12-19 00:00:00","2005-12-20 00:00:00","2009-02-18 00:00:00",NULL,NULL,"ARCADIA BANKING CENTER/CHERI JONES","502","100",NULL,"0","C","N","C","N","4 ","A","1  ",NULL,0,0,NULL,0,0,"S","S","S","S","  ","LO10","N","N","N","N",179545,"AGU","S","2005-12-19 00:00:00","D","D","D","M",True,NULL,"77.32",NULL,False,False,False,NULL,False,"$143.59","$32.56","$11.85",False,False,"$0.00",False,"S",NULL,False,"2009-02-18 00:00:00",False,"N","N","N","<Env><Line_Image_Opt>N</Line_Image_Opt><Stds_Image_Opt>N</Stds_Image_Opt><Subsec_Image_Opt>N</Subsec_Image_Opt><Carton_Request>N</Carton_Request><Large_Image_Size>1</Large_Image_Size><Line_Fin_Summ>N</Line_Fin_Summ><Stds_Fin_Summ>N</Stds_Fin_Summ><Subsec_Fin_Summ>N</Subsec_Fin_Summ><Fin_Summ>N</Fin_Summ><Lock_Order>0</Lock_Order><Quick_Turn_Around>0</Quick_Turn_Around><Quote_Type>B</Quote_Type></Env>","TANGRAM-OP_ORDER_HEADER-1-217253-O","2025-05-02 00:06:44.974371",NULL,NULL
"-1","TANGRAM","1",218631,"O",120479,"S",NULL,"BAA001","D766769","2005-12-19 00:00:00","2005-12-20 00:00:00","2009-02-18 00:00:00",NULL,NULL,"EASTLAND BANKING CENTER/CHERI JONES","502","100",NULL,"0","C","N","C","N","4 ","A","1  ",NULL,0,0,NULL,0,0,"S","S","S","S","  ","LO10","N","N","N","N",180596,"AGU","S","2005-12-19 00:00:00","D","D","D","M",False,NULL,"63.94",NULL,False,False,False,NULL,False,"$96.66","$34.86","$7.97",False,False,"$0.00",False,"S",NULL,False,"2009-02-18 00:00:00",False,"N","N","N","<Env><Line_Image_Opt>N</Line_Image_Opt><Stds_Image_Opt>N</Stds_Image_Opt><Subsec_Image_Opt>N</Subsec_Image_Opt><Carton_Request>N</Carton_Request><Large_Image_Size>1</Large_Image_Size><Line_Fin_Summ>N</Line_Fin_Summ><Stds_Fin_Summ>N</Stds_Fin_Summ><Subsec_Fin_Summ>N</Subsec_Fin_Summ><Fin_Summ>N</Fin_Summ><Lock_Order>0</Lock_Order><Quick_Turn_Around>0</Quick_Turn_Around><Quote_Type>B</Quote_Type></Env>","TANGRAM-OP_ORDER_HEADER-1-218631-O","2025-05-02 00:06:44.974371",NULL,NULL
"-1","TANGRAM","1",219504,"O",104065,"S",NULL,"CAP006","SIG QTE 181270","2007-12-27 00:00:00","2005-01-31 00:00:00","2022-12-20 00:00:00",NULL,NULL,"CAPPELLA SYSTEMS INSTALLATION","525","100",NULL,"0","M","N","C","N","E ","A","2  ","2012-06-27 00:00:00",72,0,NULL,0,0,"S","C","S","S","  ","OR10","Y","N","N","N",181270,"DDE","S","2005-01-26 00:00:00","D","D","D","D",True,NULL,"30",NULL,False,False,False,NULL,False,"$2,983.50","$2,088.45","$0.00",False,False,"$0.00",False,"L",NULL,False,"2022-12-20 00:00:00",False,"N","N","N","<Env><Line_Image_Opt>N</Line_Image_Opt><Stds_Image_Opt>N</Stds_Image_Opt><Subsec_Image_Opt>N</Subsec_Image_Opt><Carton_Request>N</Carton_Request><Large_Image_Size>1</Large_Image_Size><Line_Fin_Summ>N</Line_Fin_Summ><Stds_Fin_Summ>N</Stds_Fin_Summ><Subsec_Fin_Summ>N</Subsec_Fin_Summ><Fin_Summ>N</Fin_Summ><Lock_Order>0</Lock_Order><Quick_Turn_Around>0</Quick_Turn_Around><Quote_Type>B</Quote_Type></Env>","TANGRAM-OP_ORDER_HEADER-1-219504-O","2025-05-02 00:06:44.974371",NULL,NULL
"-1","TANGRAM","1",220099,"O",117677,"S",NULL,"BAA001","D610305","2005-10-24 00:00:00","2005-10-24 00:00:00","2006-02-17 00:00:00",NULL,NULL,"SAN FERNANDO / DONNA WILLIAMS","502","100",NULL,"0","C","N","C","N","4 ","A","1  ",NULL,0,0,NULL,0,0,"S","C","S","S","  ","LO10","N","N","N","N",181770,"AGU","S","2005-04-13 00:00:00","D","D","D","M",False,NULL,"56.95",NULL,False,False,False,NULL,False,"$599.16","$257.94","$32.93",False,False,"$0.00",False,"S",NULL,False,NULL,False,"N","N","N","<Env><Line_Image_Opt>N</Line_Image_Opt><Stds_Image_Opt>N</Stds_Image_Opt><Subsec_Image_Opt>N</Subsec_Image_Opt><Carton_Request>N</Carton_Request><Large_Image_Size>1</Large_Image_Size><Line_Fin_Summ>N</Line_Fin_Summ><Stds_Fin_Summ>N</Stds_Fin_Summ><Subsec_Fin_Summ>N</Subsec_Fin_Summ><Fin_Summ>N</Fin_Summ><Lock_Order>0</Lock_Order><Quick_Turn_Around>0</Quick_Turn_Around><Quote_Type>B</Quote_Type></Env>","TANGRAM-OP_ORDER_HEADER-1-220099-O","2025-05-02 00:06:44.974371",NULL,NULL
"-1","TANGRAM","1",220287,"O",120482,"S",NULL,"BAA001","D766765","2005-12-19 00:00:00","2005-12-20 00:00:00","2009-02-18 00:00:00",NULL,NULL,"TEMPLE CITY/CHERI JONES","502","100",NULL,"0","C","N","C","N","4 ","A","1  ",NULL,0,0,NULL,0,0,"S","C","S","S","  ","LO10","N","N","N","N",181932,"AGU","S","2005-12-19 00:00:00","D","D","D","M",True,NULL,"78.52",NULL,False,False,False,NULL,False,"$33.33","$7.16","$2.75",False,False,"$0.00",False,"S",NULL,False,"2009-02-18 00:00:00",False,"N","N","N","<Env><Line_Image_Opt>N</Line_Image_Opt><Stds_Image_Opt>N</Stds_Image_Opt><Subsec_Image_Opt>N</Subsec_Image_Opt><Carton_Request>N</Carton_Request><Large_Image_Size>1</Large_Image_Size><Line_Fin_Summ>N</Line_Fin_Summ><Stds_Fin_Summ>N</Stds_Fin_Summ><Subsec_Fin_Summ>N</Subsec_Fin_Summ><Fin_Summ>N</Fin_Summ><Lock_Order>0</Lock_Order><Quick_Turn_Around>0</Quick_Turn_Around><Quote_Type>B</Quote_Type></Env>","TANGRAM-OP_ORDER_HEADER-1-220287-O","2025-05-02 00:06:44.974371",NULL,NULL
"-1","TANGRAM","1",226201,"O",113616,"S","186461","BAA001","D576654","2005-08-04 00:00:00","2005-08-08 00:00:00","2009-02-18 00:00:00",NULL,NULL,"SUNSET WEATHERLY","502","100",NULL,"0","C","N","H","N","4 ","A","1  ",NULL,0,0,NULL,0,0,"S","C","S","S","  ","LO10","N","N","N","Y",186461,"AGU","S","2005-08-01 00:00:00","D","D","D","M",False,NULL,"21.76",NULL,False,False,False,NULL,False,"$5,942.80","$4,649.56","$131.86",False,False,"$0.00",False,"S",NULL,False,"2009-02-18 00:00:00",False,"N","N","N","<Env><Line_Image_Opt>N</Line_Image_Opt><Stds_Image_Opt>N</Stds_Image_Opt><Subsec_Image_Opt>N</Subsec_Image_Opt><Carton_Request>N</Carton_Request><Large_Image_Size>1</Large_Image_Size><Line_Fin_Summ>N</Line_Fin_Summ><Stds_Fin_Summ>N</Stds_Fin_Summ><Subsec_Fin_Summ>N</Subsec_Fin_Summ><Fin_Summ>N</Fin_Summ><Lock_Order>0</Lock_Order><Quick_Turn_Around>0</Quick_Turn_Around><Quote_Type>B</Quote_Type></Env>","TANGRAM-OP_ORDER_HEADER-1-226201-O","2025-05-02 00:06:44.974371",NULL,NULL
"-1","TANGRAM","1",226569,"O",115135,"S","186731","BAA001","D625306","2005-09-09 00:00:00","2005-09-09 00:00:00","2009-02-18 00:00:00",NULL,NULL,"LA HABRA","502","100",NULL,"0","C","N","C","N","4 ","A","1  ",NULL,0,0,NULL,0,0,"S","C","S","S","  ","LO10","N","N","N","N",186731,"AGU","S","2005-09-08 00:00:00","D","D","D","M",False,NULL,"59.07",NULL,False,False,False,NULL,False,"$9,390.31","$3,843.44","$422.79",False,False,"$0.00",False,"S",NULL,False,"2009-02-18 00:00:00",False,"N","N","N","<Env><Line_Image_Opt>N</Line_Image_Opt><Stds_Image_Opt>N</Stds_Image_Opt><Subsec_Image_Opt>N</Subsec_Image_Opt><Carton_Request>N</Carton_Request><Large_Image_Size>1</Large_Image_Size><Line_Fin_Summ>N</Line_Fin_Summ><Stds_Fin_Summ>N</Stds_Fin_Summ><Subsec_Fin_Summ>N</Subsec_Fin_Summ><Fin_Summ>N</Fin_Summ><Lock_Order>0</Lock_Order><Quick_Turn_Around>0</Quick_Turn_Around><Quote_Type>B</Quote_Type></Env>","TANGRAM-OP_ORDER_HEADER-1-226569-O","2025-05-02 00:06:44.974371",NULL,NULL
"-1","TANGRAM","1",231463,"O",108294,"S",NULL,"PHA100","R49743","2005-04-01 00:00:00","2005-04-21 00:00:00","2014-01-30 00:00:00",NULL,NULL,"Storage","538","100",NULL,"0","C","N","P","N","4 ","A","1  ","2012-06-29 00:00:00",69,0,NULL,0,0,"S","C","S","S","  ","TX*1","N","N","N","N",0,"TRA","S",NULL,"D","D","D","D",False,NULL,"17.65",NULL,False,False,False,NULL,False,"$326.40","$268.80","$0.00",False,False,"$0.00",False,"L",NULL,False,"2014-02-26 00:00:00",False,"N","N","N","<Env><Line_Image_Opt>N</Line_Image_Opt><Stds_Image_Opt>N</Stds_Image_Opt><Subsec_Image_Opt>N</Subsec_Image_Opt><Carton_Request>N</Carton_Request><Large_Image_Size>1</Large_Image_Size><Line_Fin_Summ>N</Line_Fin_Summ><Stds_Fin_Summ>N</Stds_Fin_Summ><Subsec_Fin_Summ>N</Subsec_Fin_Summ><Fin_Summ>N</Fin_Summ><Lock_Order>0</Lock_Order><Quick_Turn_Around>0</Quick_Turn_Around><Quote_Type>B</Quote_Type></Env>","TANGRAM-OP_ORDER_HEADER-1-231463-O","2025-05-02 00:06:44.974371",NULL,NULL
"-1","TANGRAM","1",231613,"O",108388,"C",NULL,"VAL004","N/C ACCOMODATION","2004-12-15 00:00:00","2005-04-22 00:00:00",NULL,NULL,NULL,"Final Cost Adj - Order 101777/Inv 219890","POC","0","290","0","C","N","C","N","7 ","A","1  ",NULL,0,0,NULL,0,0,"S","C","S","S","  ","LO10","N","N","N","N",182254,"DSH","S",NULL,"D","D","D","D",True,NULL,"0",NULL,False,False,False,NULL,False,"$0.00","$0.00","$0.00",False,False,"$0.00",False,"L",NULL,False,NULL,False,"N","N","N","<Env><Line_Image_Opt>N</Line_Image_Opt><Stds_Image_Opt>N</Stds_Image_Opt><Subsec_Image_Opt>N</Subsec_Image_Opt><Carton_Request>N</Carton_Request><Large_Image_Size>1</Large_Image_Size><Line_Fin_Summ>N</Line_Fin_Summ><Stds_Fin_Summ>N</Stds_Fin_Summ><Subsec_Fin_Summ>N</Subsec_Fin_Summ><Fin_Summ>N</Fin_Summ><Lock_Order>0</Lock_Order><Quick_Turn_Around>0</Quick_Turn_Around><Quote_Type>B</Quote_Type></Env>","TANGRAM-OP_ORDER_HEADER-1-231613-O","2025-05-02 00:06:44.974371",NULL,NULL
"-1","TANGRAM","1",233027,"O",112444,"S","191873","BAA001","D547059","2005-07-13 00:00:00","2005-07-14 00:00:00","2005-12-12 00:00:00",NULL,NULL,"POMONA MAIN","502","100",NULL,"0","C","N","P","N","4 ","A","1  ",NULL,0,0,NULL,0,0,"S","C","S","S","  ","LO10","N","N","N","N",191873,"AGU","S","2005-06-30 00:00:00","D","D","D","M",False,NULL,"58.37",NULL,False,False,False,NULL,False,"$10,511.85","$4,376.02","$867.23",False,False,"$0.00",False,"S",NULL,False,NULL,False,"N","N","N","<Env><Line_Image_Opt>N</Line_Image_Opt><Stds_Image_Opt>N</Stds_Image_Opt><Subsec_Image_Opt>N</Subsec_Image_Opt><Carton_Request>N</Carton_Request><Large_Image_Size>1</Large_Image_Size><Line_Fin_Summ>N</Line_Fin_Summ><Stds_Fin_Summ>N</Stds_Fin_Summ><Subsec_Fin_Summ>N</Subsec_Fin_Summ><Fin_Summ>N</Fin_Summ><Lock_Order>0</Lock_Order><Quick_Turn_Around>0</Quick_Turn_Around><Quote_Type>B</Quote_Type></Env>","TANGRAM-OP_ORDER_HEADER-1-233027-O","2025-05-02 00:06:44.974371",NULL,NULL
"-1","TANGRAM","1",233254,"O",115916,"S","192062","BAA001","D644704","2005-09-23 00:00:00","2005-09-23 00:00:00","2006-08-04 00:00:00",NULL,NULL,"EASTLAKE VILLAGE","502","100",NULL,"0","C","N","C","N","4 ","A","1  ",NULL,0,0,NULL,0,0,"S","C","S","S","  ","SA13","N","N","N","N",192062,"AGU","S","2005-07-11 00:00:00","D","D","D","M",False,NULL,"60.53",NULL,False,False,False,NULL,False,"$976.92","$385.58","$39.75",False,False,"$0.00",False,"S",NULL,False,NULL,False,"N","N","N","<Env><Line_Image_Opt>N</Line_Image_Opt><Stds_Image_Opt>N</Stds_Image_Opt><Subsec_Image_Opt>N</Subsec_Image_Opt><Carton_Request>N</Carton_Request><Large_Image_Size>1</Large_Image_Size><Line_Fin_Summ>N</Line_Fin_Summ><Stds_Fin_Summ>N</Stds_Fin_Summ><Subsec_Fin_Summ>N</Subsec_Fin_Summ><Fin_Summ>N</Fin_Summ><Lock_Order>0</Lock_Order><Quick_Turn_Around>0</Quick_Turn_Around><Quote_Type>B</Quote_Type></Env>","TANGRAM-OP_ORDER_HEADER-1-233254-O","2025-05-02 00:06:44.974371",NULL,NULL
"-1","TANGRAM","1",233425,"O",120455,"S",NULL,"BAA001","D766712","2005-12-19 00:00:00","2005-12-19 00:00:00","2009-02-18 00:00:00",NULL,NULL,"WEST ARCADIA","502","100",NULL,"0","C","N","C","N","4 ","A","1  ",NULL,0,0,NULL,0,0,"S","C","S","S","  ","LO10","N","N","N","N",192209,"AGU","S","2005-12-19 00:00:00","D","D","D","M",False,NULL,"71.69",NULL,False,False,False,NULL,False,"$342.14","$96.86","$28.23",False,False,"$0.00",False,"S",NULL,False,"2009-02-18 00:00:00",False,"N","N","N","<Env><Line_Image_Opt>N</Line_Image_Opt><Stds_Image_Opt>N</Stds_Image_Opt><Subsec_Image_Opt>N</Subsec_Image_Opt><Carton_Request>N</Carton_Request><Large_Image_Size>1</Large_Image_Size><Line_Fin_Summ>N</Line_Fin_Summ><Stds_Fin_Summ>N</Stds_Fin_Summ><Subsec_Fin_Summ>N</Subsec_Fin_Summ><Fin_Summ>N</Fin_Summ><Lock_Order>0</Lock_Order><Quick_Turn_Around>0</Quick_Turn_Around><Quote_Type>B</Quote_Type></Env>","TANGRAM-OP_ORDER_HEADER-1-233425-O","2025-05-02 00:06:44.974371",NULL,NULL
"-1","TANGRAM","1",235082,"O",111356,"S",NULL,"DEF005","SCHOLL062205","2005-06-22 00:00:00","2005-06-22 00:00:00","2005-08-05 00:00:00",NULL,NULL,"LEAP CHAIR","565","100",NULL,"0","C","O","C","N","4 ","A","1  ","2008-04-01 00:00:00",1,0,NULL,0,0,"S","C","S","S","  ","LO10","N","N","N","N",193510,"SOF","S","2005-06-20 00:00:00","D","D","D","D",True,NULL,"0",NULL,False,False,False,NULL,False,"$0.00","$0.00","$0.00",False,False,"$0.00",False,"S",NULL,False,NULL,False,"N","N","N","<Env><Line_Image_Opt>N</Line_Image_Opt><Stds_Image_Opt>N</Stds_Image_Opt><Subsec_Image_Opt>N</Subsec_Image_Opt><Carton_Request>N</Carton_Request><Large_Image_Size>1</Large_Image_Size><Line_Fin_Summ>N</Line_Fin_Summ><Stds_Fin_Summ>N</Stds_Fin_Summ><Subsec_Fin_Summ>N</Subsec_Fin_Summ><Fin_Summ>N</Fin_Summ><Lock_Order>0</Lock_Order><Quick_Turn_Around>0</Quick_Turn_Around><Quote_Type>B</Quote_Type></Env>","TANGRAM-OP_ORDER_HEADER-1-235082-O","2025-05-02 00:06:44.974371",NULL,NULL
"-1","TANGRAM","1",235467,"O",113494,"S",NULL,"BAA001","D561975","2005-07-28 00:00:00","2005-08-03 00:00:00","2005-08-19 00:00:00",NULL,NULL,"WATTS BANKING CENTER","502","100",NULL,"0","C","N","C","N","4 ","A","1  ",NULL,0,0,NULL,0,0,"S","C","S","S","  ","LO10","N","N","N","N",193834,"AGU","S","2005-07-28 00:00:00","D","D","D","M",True,NULL,"100",NULL,False,False,False,NULL,False,"$231.68","$0.00","$0.00",False,False,"$0.00",False,"S",NULL,False,NULL,False,"N","N","N","<Env><Line_Image_Opt>N</Line_Image_Opt><Stds_Image_Opt>N</Stds_Image_Opt><Subsec_Image_Opt>N</Subsec_Image_Opt><Carton_Request>N</Carton_Request><Large_Image_Size>1</Large_Image_Size><Line_Fin_Summ>N</Line_Fin_Summ><Stds_Fin_Summ>N</Stds_Fin_Summ><Subsec_Fin_Summ>N</Subsec_Fin_Summ><Fin_Summ>N</Fin_Summ><Lock_Order>0</Lock_Order><Quick_Turn_Around>0</Quick_Turn_Around><Quote_Type>B</Quote_Type></Env>","TANGRAM-OP_ORDER_HEADER-1-235467-O","2025-05-02 00:06:44.974371",NULL,NULL
"-1","TANGRAM","1",235483,"O",111973,"S",NULL,"BAA001","D533546","2005-07-01 00:00:00","2005-07-05 00:00:00","2006-02-22 00:00:00",NULL,NULL,"TAFT BANKING CENTER","502","100",NULL,"0","C","N","C","N","4 ","A","1  ",NULL,0,0,NULL,0,0,"S","C","S","S","  ","KE10","N","N","N","N",193844,"AGU","S","2005-06-27 00:00:00","D","D","D","M",False,NULL,"55.68",NULL,False,False,False,NULL,False,"$151.19","$67.00","$1.83",False,False,"$0.00",False,"S",NULL,False,NULL,False,"N","N","N","<Env><Line_Image_Opt>N</Line_Image_Opt><Stds_Image_Opt>N</Stds_Image_Opt><Subsec_Image_Opt>N</Subsec_Image_Opt><Carton_Request>N</Carton_Request><Large_Image_Size>1</Large_Image_Size><Line_Fin_Summ>N</Line_Fin_Summ><Stds_Fin_Summ>N</Stds_Fin_Summ><Subsec_Fin_Summ>N</Subsec_Fin_Summ><Fin_Summ>N</Fin_Summ><Lock_Order>0</Lock_Order><Quick_Turn_Around>0</Quick_Turn_Around><Quote_Type>B</Quote_Type></Env>","TANGRAM-OP_ORDER_HEADER-1-235483-O","2025-05-02 00:06:44.974371",NULL,NULL
"-1","TANGRAM","1",236712,"O",117767,"S","194847","BAA001","D692416","2005-10-26 00:00:00","2005-10-26 00:00:00","2012-05-31 00:00:00",NULL,NULL,"LAGUNA NIGUEL /URBAN UPGRADE","502","100",NULL,"0","P","N","C","N","4 ","A","1  ",NULL,0,0,NULL,0,0,"S","C","S","S","  ","OR10","N","N","N","N",194847,"AGU","S","2005-10-19 00:00:00","D","D","D","M",False,NULL,"74.8",NULL,False,False,False,NULL,False,"$12,324.60","$3,105.88","$372.82",False,False,"$0.00",False,"S",NULL,False,"2012-06-11 00:00:00",False,"N","N","N","<Env><Line_Image_Opt>N</Line_Image_Opt><Stds_Image_Opt>N</Stds_Image_Opt><Subsec_Image_Opt>N</Subsec_Image_Opt><Carton_Request>N</Carton_Request><Large_Image_Size>1</Large_Image_Size><Line_Fin_Summ>N</Line_Fin_Summ><Stds_Fin_Summ>N</Stds_Fin_Summ><Subsec_Fin_Summ>N</Subsec_Fin_Summ><Fin_Summ>N</Fin_Summ><Lock_Order>0</Lock_Order><Quick_Turn_Around>0</Quick_Turn_Around><Quote_Type>B</Quote_Type></Env>","TANGRAM-OP_ORDER_HEADER-1-236712-O","2025-05-02 00:06:44.974371",NULL,NULL
"-1","TANGRAM","1",237266,"O",120632,"S","195231","BAA001","D758825","2005-12-12 00:00:00","2005-12-22 00:00:00","2006-03-13 00:00:00",NULL,NULL,"SOUTH OXNARD","502","100",NULL,"0","C","N","C","N","4 ","A","1  ",NULL,0,0,NULL,0,0,"S","C","S","S","  ","VE10","N","N","N","N",195231,"AGU","S","2005-12-12 00:00:00","D","D","D","M",False,NULL,"31.42",NULL,False,False,False,NULL,False,"$9,101.17","$6,241.94","$138.29",False,False,"$0.00",False,"S",NULL,False,NULL,False,"N","N","N","<Env><Line_Image_Opt>N</Line_Image_Opt><Stds_Image_Opt>N</Stds_Image_Opt><Subsec_Image_Opt>N</Subsec_Image_Opt><Carton_Request>N</Carton_Request><Large_Image_Size>1</Large_Image_Size><Line_Fin_Summ>N</Line_Fin_Summ><Stds_Fin_Summ>N</Stds_Fin_Summ><Subsec_Fin_Summ>N</Subsec_Fin_Summ><Fin_Summ>N</Fin_Summ><Lock_Order>0</Lock_Order><Quick_Turn_Around>0</Quick_Turn_Around><Quote_Type>B</Quote_Type></Env>","TANGRAM-OP_ORDER_HEADER-1-237266-O","2025-05-02 00:06:44.974371",NULL,NULL
"-1","TANGRAM","1",237962,"O",115301,"S","195809","BAA001","D626386","2005-09-12 00:00:00","2005-09-12 00:00:00","2009-02-18 00:00:00",NULL,NULL,"PORT HUENEME PRODUCT","502","100",NULL,"0","C","N","C","N","4 ","A","1  ",NULL,0,0,NULL,0,0,"S","C","S","S","  ","VE10","N","N","N","N",195809,"AGU","S","2005-07-26 00:00:00","D","D","D","M",False,NULL,"15.29",NULL,False,False,False,NULL,False,"$5,508.00","$4,665.84","$26.83",False,False,"$0.00",False,"S",NULL,False,"2009-02-18 00:00:00",False,"N","N","N","<Env><Line_Image_Opt>N</Line_Image_Opt><Stds_Image_Opt>N</Stds_Image_Opt><Subsec_Image_Opt>N</Subsec_Image_Opt><Carton_Request>N</Carton_Request><Large_Image_Size>1</Large_Image_Size><Line_Fin_Summ>N</Line_Fin_Summ><Stds_Fin_Summ>N</Stds_Fin_Summ><Subsec_Fin_Summ>N</Subsec_Fin_Summ><Fin_Summ>N</Fin_Summ><Lock_Order>0</Lock_Order><Quick_Turn_Around>0</Quick_Turn_Around><Quote_Type>B</Quote_Type></Env>","TANGRAM-OP_ORDER_HEADER-1-237962-O","2025-05-02 00:06:44.974371",NULL,NULL
"-1","TANGRAM","1",238485,"O",114708,"S","196204","BAA001","D611247","2005-08-29 00:00:00","2005-08-30 00:00:00","2009-02-18 00:00:00",NULL,NULL,"TURLOCK","502","100",NULL,"0","M","N","H","N","4 ","A","1  ","2005-10-19 00:00:00",0,1,NULL,0,0,"S","C","S","S","  ","ST10","N","N","N","Y",196204,"AGU","S","2005-08-30 00:00:00","D","D","D","M",False,NULL,"59.53",NULL,False,False,False,NULL,False,"$7,428.00","$3,005.76","$502.24",False,False,"$0.00",False,"S",NULL,False,"2009-09-24 00:00:00",False,"N","N","N","<Env><Line_Image_Opt>N</Line_Image_Opt><Stds_Image_Opt>N</Stds_Image_Opt><Subsec_Image_Opt>N</Subsec_Image_Opt><Carton_Request>N</Carton_Request><Large_Image_Size>1</Large_Image_Size><Line_Fin_Summ>N</Line_Fin_Summ><Stds_Fin_Summ>N</Stds_Fin_Summ><Subsec_Fin_Summ>N</Subsec_Fin_Summ><Fin_Summ>N</Fin_Summ><Lock_Order>0</Lock_Order><Quick_Turn_Around>0</Quick_Turn_Around><Quote_Type>B</Quote_Type></Env>","TANGRAM-OP_ORDER_HEADER-1-238485-O","2025-05-02 00:06:44.974371",NULL,NULL
"-1","TANGRAM","1",238855,"O",112728,"S",NULL,"BAA001","TBD/MS","2005-08-02 00:00:00","2005-07-20 00:00:00","2005-11-15 00:00:00",NULL,NULL,"50 BOXES/LA HABARA","502","100",NULL,"0","C","N","I","N","4 ","A","1  ",NULL,0,0,NULL,0,0,"S","C","S","S","  ","LO10","N","N","N","N",196502,"LCU","S",NULL,"D","D","D","D",False,NULL,"52.45",NULL,False,False,False,NULL,False,"$143.00","$68.00","$11.80",False,False,"$0.00",False,"S",NULL,False,NULL,False,"N","N","N","<Env><Line_Image_Opt>N</Line_Image_Opt><Stds_Image_Opt>N</Stds_Image_Opt><Subsec_Image_Opt>N</Subsec_Image_Opt><Carton_Request>N</Carton_Request><Large_Image_Size>1</Large_Image_Size><Line_Fin_Summ>N</Line_Fin_Summ><Stds_Fin_Summ>N</Stds_Fin_Summ><Subsec_Fin_Summ>N</Subsec_Fin_Summ><Fin_Summ>N</Fin_Summ><Lock_Order>0</Lock_Order><Quick_Turn_Around>0</Quick_Turn_Around><Quote_Type>B</Quote_Type></Env>","TANGRAM-OP_ORDER_HEADER-1-238855-O","2025-05-02 00:06:44.974371",NULL,NULL
"-1","TANGRAM","1",239933,"O",140459,"S",NULL,"BAA001","D1482910","2006-12-18 00:00:00","2006-12-20 00:00:00","2007-03-26 00:00:00",NULL,NULL,"ANAHEIM MAIN","502","100",NULL,"0","C","N","C","N","4 ","A","1  ",NULL,0,0,NULL,0,0,"S","C","S","S","  ","OR10","N","N","N","N",197350,"AGU","S","2006-12-18 00:00:00","D","D","D","M",False,NULL,"-92.34",NULL,False,False,False,NULL,False,"$1,539.82","$2,961.74","$89.89",False,False,"$0.00",False,"S",NULL,False,NULL,False,"N","N","N","<Env><Line_Image_Opt>N</Line_Image_Opt><Stds_Image_Opt>N</Stds_Image_Opt><Subsec_Image_Opt>N</Subsec_Image_Opt><Carton_Request>N</Carton_Request><Large_Image_Size>1</Large_Image_Size><Line_Fin_Summ>N</Line_Fin_Summ><Stds_Fin_Summ>N</Stds_Fin_Summ><Subsec_Fin_Summ>N</Subsec_Fin_Summ><Fin_Summ>N</Fin_Summ><Lock_Order>0</Lock_Order><Quick_Turn_Around>0</Quick_Turn_Around><Quote_Type>B</Quote_Type></Env>","TANGRAM-OP_ORDER_HEADER-1-239933-O","2025-05-02 00:06:44.974371",NULL,NULL
"-1","TANGRAM","1",240460,"O",114715,"S","197812","BAA001","D611256","2005-08-29 00:00:00","2005-08-30 00:00:00","2006-02-16 00:00:00",NULL,NULL,"COPPER HILL","502","100",NULL,"0","C","N","P","N","4 ","A","1  ",NULL,0,0,NULL,0,0,"S","C","S","S","  ","LO10","N","N","N","N",197812,"AGU","S","2005-08-30 00:00:00","D","D","D","M",False,NULL,"41.55",NULL,False,False,False,NULL,False,"$4,477.51","$2,617.12","$342.33",False,False,"$0.00",False,"S",NULL,False,NULL,False,"N","N","N","<Env><Line_Image_Opt>N</Line_Image_Opt><Stds_Image_Opt>N</Stds_Image_Opt><Subsec_Image_Opt>N</Subsec_Image_Opt><Carton_Request>N</Carton_Request><Large_Image_Size>1</Large_Image_Size><Line_Fin_Summ>N</Line_Fin_Summ><Stds_Fin_Summ>N</Stds_Fin_Summ><Subsec_Fin_Summ>N</Subsec_Fin_Summ><Fin_Summ>N</Fin_Summ><Lock_Order>0</Lock_Order><Quick_Turn_Around>0</Quick_Turn_Around><Quote_Type>B</Quote_Type></Env>","TANGRAM-OP_ORDER_HEADER-1-240460-O","2025-05-02 00:06:44.974371",NULL,NULL
"-1","TANGRAM","1",240602,"O",120510,"S",NULL,"BAA001","D766831","2005-12-19 00:00:00","2005-12-20 00:00:00","2006-02-22 00:00:00",NULL,NULL,"MALIBU  STOOLS","502","100",NULL,"0","C","N","C","N","4 ","A","1  ",NULL,0,0,NULL,0,0,"S","C","S","S","  ","LO10","N","N","N","N",197939,"AGU","S","2005-12-19 00:00:00","D","D","D","M",False,NULL,"-999.99",NULL,False,False,False,NULL,False,"$0.00","$22.00","$0.00",False,False,"$0.00",False,"S",NULL,False,NULL,False,"N","N","N","<Env><Line_Image_Opt>N</Line_Image_Opt><Stds_Image_Opt>N</Stds_Image_Opt><Subsec_Image_Opt>N</Subsec_Image_Opt><Carton_Request>N</Carton_Request><Large_Image_Size>1</Large_Image_Size><Line_Fin_Summ>N</Line_Fin_Summ><Stds_Fin_Summ>N</Stds_Fin_Summ><Subsec_Fin_Summ>N</Subsec_Fin_Summ><Fin_Summ>N</Fin_Summ><Lock_Order>0</Lock_Order><Quick_Turn_Around>0</Quick_Turn_Around><Quote_Type>B</Quote_Type></Env>","TANGRAM-OP_ORDER_HEADER-1-240602-O","2025-05-02 00:06:44.974371",NULL,NULL
"-1","TANGRAM","1",241763,"O",120473,"S",NULL,"BAA001","D766781","2005-12-19 00:00:00","2005-12-20 00:00:00","2009-02-18 00:00:00",NULL,NULL,"CERRITOS FINANCIAL","502","100",NULL,"0","C","N","C","N","4 ","A","1  ",NULL,0,0,NULL,0,0,"S","C","S","S","  ","LO10","N","N","N","N",198879,"AGU","S","2005-12-19 00:00:00","D","D","D","M",False,NULL,"49.51",NULL,False,False,False,NULL,False,"$170.00","$85.84","$14.02",False,False,"$0.00",False,"S",NULL,False,"2009-02-18 00:00:00",False,"N","N","N","<Env><Line_Image_Opt>N</Line_Image_Opt><Stds_Image_Opt>N</Stds_Image_Opt><Subsec_Image_Opt>N</Subsec_Image_Opt><Carton_Request>N</Carton_Request><Large_Image_Size>1</Large_Image_Size><Line_Fin_Summ>N</Line_Fin_Summ><Stds_Fin_Summ>N</Stds_Fin_Summ><Subsec_Fin_Summ>N</Subsec_Fin_Summ><Fin_Summ>N</Fin_Summ><Lock_Order>0</Lock_Order><Quick_Turn_Around>0</Quick_Turn_Around><Quote_Type>B</Quote_Type></Env>","TANGRAM-OP_ORDER_HEADER-1-241763-O","2025-05-02 00:06:44.974371",NULL,NULL
"-1","TANGRAM","1",241923,"O",118868,"S",NULL,"BAA001","D717512","2005-11-16 00:00:00","2005-11-16 00:00:00","2006-12-11 00:00:00",NULL,NULL,"NEWPORT HILLS FIRE KING FILES","502","100",NULL,"0","C","N","C","N","4 ","A","1  ",NULL,0,0,NULL,0,0,"S","C","S","S","  ","OR10","N","N","N","N",199011,"AGU","S","2005-11-16 00:00:00","D","D","D","M",False,NULL,"-999.99",NULL,False,False,False,NULL,False,"$0.00","$2,647.68","$0.00",False,False,"$0.00",False,"S",NULL,False,NULL,False,"N","N","N","<Env><Line_Image_Opt>N</Line_Image_Opt><Stds_Image_Opt>N</Stds_Image_Opt><Subsec_Image_Opt>N</Subsec_Image_Opt><Carton_Request>N</Carton_Request><Large_Image_Size>1</Large_Image_Size><Line_Fin_Summ>N</Line_Fin_Summ><Stds_Fin_Summ>N</Stds_Fin_Summ><Subsec_Fin_Summ>N</Subsec_Fin_Summ><Fin_Summ>N</Fin_Summ><Lock_Order>0</Lock_Order><Quick_Turn_Around>0</Quick_Turn_Around><Quote_Type>B</Quote_Type></Env>","TANGRAM-OP_ORDER_HEADER-1-241923-O","2025-05-02 00:06:44.974371",NULL,NULL
"-1","TANGRAM","1",242032,"O",114474,"S",NULL,"BAA001","NO PO/OK PER MITCH","2005-08-24 00:00:00","2005-08-24 00:00:00","2005-08-26 00:00:00",NULL,NULL,"Westchester/8/27/05/ORIG. QT 195984","502","100",NULL,"0","C","N","I","N","4 ","A","1  ",NULL,0,0,NULL,0,0,"S","C","S","S","  ","LO10","N","N","N","N",199105,"LCU","S",NULL,"D","D","D","M",False,NULL,"43.95",NULL,False,False,False,NULL,False,"$215.00","$120.50","$7.67",False,False,"$0.00",False,"S",NULL,False,NULL,False,"N","N","N","<Env><Line_Image_Opt>N</Line_Image_Opt><Stds_Image_Opt>N</Stds_Image_Opt><Subsec_Image_Opt>N</Subsec_Image_Opt><Carton_Request>N</Carton_Request><Large_Image_Size>1</Large_Image_Size><Line_Fin_Summ>N</Line_Fin_Summ><Stds_Fin_Summ>N</Stds_Fin_Summ><Subsec_Fin_Summ>N</Subsec_Fin_Summ><Fin_Summ>N</Fin_Summ><Lock_Order>0</Lock_Order><Quick_Turn_Around>0</Quick_Turn_Around><Quote_Type>B</Quote_Type></Env>","TANGRAM-OP_ORDER_HEADER-1-242032-O","2025-05-02 00:06:44.974371",NULL,NULL
"-1","TANGRAM","1",242117,"O",114908,"S","199178","BAA001","D617959","2005-09-02 00:00:00","2005-09-02 00:00:00","2009-02-18 00:00:00",NULL,NULL,"RESEDA RENOVATION","502","100",NULL,"0","C","N","C","N","4 ","A","1  ",NULL,0,0,NULL,0,0,"S","C","S","S","  ","LO10","N","N","N","N",199178,"AGU","S","2005-08-25 00:00:00","D","D","D","M",False,NULL,"15.27",NULL,False,False,False,NULL,False,"$5,342.00","$4,526.14","$335.28",False,False,"$0.00",False,"S",NULL,False,"2009-02-18 00:00:00",False,"N","N","N","<Env><Line_Image_Opt>N</Line_Image_Opt><Stds_Image_Opt>N</Stds_Image_Opt><Subsec_Image_Opt>N</Subsec_Image_Opt><Carton_Request>N</Carton_Request><Large_Image_Size>1</Large_Image_Size><Line_Fin_Summ>N</Line_Fin_Summ><Stds_Fin_Summ>N</Stds_Fin_Summ><Subsec_Fin_Summ>N</Subsec_Fin_Summ><Fin_Summ>N</Fin_Summ><Lock_Order>0</Lock_Order><Quick_Turn_Around>0</Quick_Turn_Around><Quote_Type>B</Quote_Type></Env>","TANGRAM-OP_ORDER_HEADER-1-242117-O","2025-05-02 00:06:44.974371",NULL,NULL
"-1","TANGRAM","1",242379,"O",117261,"S",NULL,"VET002","5P9223","2005-10-17 00:00:00","2005-10-17 00:00:00","2006-02-02 00:00:00",NULL,NULL,"CRITERION PLUS CHAIR/MARILYN AUSTIN","565","100",NULL,"0","C","N","P","N","4 ","A","1  ",NULL,0,0,NULL,0,0,"S","C","S","S","  ","LO10","N","N","N","N",199402,"RVI","S","2005-09-09 00:00:00","D","D","D","D",True,NULL,"0",NULL,False,False,False,NULL,False,"$0.00","$0.00","$0.00",False,False,"$0.00",False,"S",NULL,False,NULL,False,"N","N","N","<Env><Line_Image_Opt>N</Line_Image_Opt><Stds_Image_Opt>N</Stds_Image_Opt><Subsec_Image_Opt>N</Subsec_Image_Opt><Carton_Request>N</Carton_Request><Large_Image_Size>1</Large_Image_Size><Line_Fin_Summ>N</Line_Fin_Summ><Stds_Fin_Summ>N</Stds_Fin_Summ><Subsec_Fin_Summ>N</Subsec_Fin_Summ><Fin_Summ>N</Fin_Summ><Lock_Order>0</Lock_Order><Quick_Turn_Around>0</Quick_Turn_Around><Quote_Type>B</Quote_Type></Env>","TANGRAM-OP_ORDER_HEADER-1-242379-O","2025-05-02 00:06:44.974371",NULL,NULL
"-1","TANGRAM","1",242504,"O",120507,"S",NULL,"BAA001","D766813","2005-12-19 00:00:00","2005-12-20 00:00:00","2006-03-08 00:00:00",NULL,NULL,"POINT DUME","502","100",NULL,"0","C","N","C","N","4 ","A","1  ",NULL,0,0,NULL,0,0,"S","C","S","S","  ","LO10","N","N","N","N",199507,"AGU","S","2005-12-19 00:00:00","D","D","D","M",False,NULL,"43.64",NULL,False,False,False,NULL,False,"$64.44","$36.32","$5.32",False,False,"$0.00",False,"S",NULL,False,NULL,False,"N","N","N","<Env><Line_Image_Opt>N</Line_Image_Opt><Stds_Image_Opt>N</Stds_Image_Opt><Subsec_Image_Opt>N</Subsec_Image_Opt><Carton_Request>N</Carton_Request><Large_Image_Size>1</Large_Image_Size><Line_Fin_Summ>N</Line_Fin_Summ><Stds_Fin_Summ>N</Stds_Fin_Summ><Subsec_Fin_Summ>N</Subsec_Fin_Summ><Fin_Summ>N</Fin_Summ><Lock_Order>0</Lock_Order><Quick_Turn_Around>0</Quick_Turn_Around><Quote_Type>B</Quote_Type></Env>","TANGRAM-OP_ORDER_HEADER-1-242504-O","2025-05-02 00:06:44.974371",NULL,NULL
"-1","TANGRAM","1",242816,"O",140465,"S","199777","BAA001","D1483451","2006-12-18 00:00:00","2006-12-20 00:00:00","2007-06-26 00:00:00",NULL,NULL,"ROSCO WINNETKA","502","100",NULL,"0","C","N","C","N","4 ","A","1  ",NULL,0,0,NULL,0,0,"S","C","S","S","  ","LO10","N","N","N","N",199777,"AGU","S","2006-12-18 00:00:00","D","D","D","M",False,NULL,"23.49",NULL,False,False,False,NULL,False,"$9,771.11","$7,475.54","$248.75",False,False,"$0.00",False,"S",NULL,False,"2007-07-10 00:00:00",False,"N","N","N","<Env><Line_Image_Opt>N</Line_Image_Opt><Stds_Image_Opt>N</Stds_Image_Opt><Subsec_Image_Opt>N</Subsec_Image_Opt><Carton_Request>N</Carton_Request><Large_Image_Size>1</Large_Image_Size><Line_Fin_Summ>N</Line_Fin_Summ><Stds_Fin_Summ>N</Stds_Fin_Summ><Subsec_Fin_Summ>N</Subsec_Fin_Summ><Fin_Summ>N</Fin_Summ><Lock_Order>0</Lock_Order><Quick_Turn_Around>0</Quick_Turn_Around><Quote_Type>B</Quote_Type></Env>","TANGRAM-OP_ORDER_HEADER-1-242816-O","2025-05-02 00:06:44.974371",NULL,NULL
"-1","TANGRAM","1",242857,"O",140292,"S",NULL,"BAA001","D1480051","2006-12-14 00:00:00","2006-12-16 00:00:00","2007-03-26 00:00:00",NULL,NULL,"ENCINO","502","100",NULL,"0","C","N","C","N","4 ","A","1  ",NULL,0,0,NULL,0,0,"S","C","S","S","  ","LO10","N","N","N","N",199812,"AGU","S","2006-12-15 00:00:00","D","D","D","M",False,NULL,"-28.03",NULL,False,False,False,NULL,False,"$2,621.31","$3,356.04","$176.25",False,False,"$0.00",False,"S",NULL,False,NULL,False,"N","N","N","<Env><Line_Image_Opt>N</Line_Image_Opt><Stds_Image_Opt>N</Stds_Image_Opt><Subsec_Image_Opt>N</Subsec_Image_Opt><Carton_Request>N</Carton_Request><Large_Image_Size>1</Large_Image_Size><Line_Fin_Summ>N</Line_Fin_Summ><Stds_Fin_Summ>N</Stds_Fin_Summ><Subsec_Fin_Summ>N</Subsec_Fin_Summ><Fin_Summ>N</Fin_Summ><Lock_Order>0</Lock_Order><Quick_Turn_Around>0</Quick_Turn_Around><Quote_Type>B</Quote_Type></Env>","TANGRAM-OP_ORDER_HEADER-1-242857-O","2025-05-02 00:06:44.974371",NULL,NULL
"-1","TANGRAM","1",242859,"O",140468,"S","199814","BAA001","D1482698","2006-12-18 00:00:00","2006-12-20 00:00:00","2007-06-26 00:00:00",NULL,NULL,"CHATSWORTH","502","100",NULL,"0","C","N","P","N","4 ","A","1  ",NULL,0,0,NULL,0,0,"S","C","S","S","  ","LO10","N","N","N","N",199814,"AGU","S","2006-12-18 00:00:00","D","D","D","M",False,NULL,"45.64",NULL,False,False,False,NULL,False,"$5,641.26","$3,066.66","$375.73",False,False,"$0.00",False,"S",NULL,False,NULL,False,"N","N","N","<Env><Line_Image_Opt>N</Line_Image_Opt><Stds_Image_Opt>N</Stds_Image_Opt><Subsec_Image_Opt>N</Subsec_Image_Opt><Carton_Request>N</Carton_Request><Large_Image_Size>1</Large_Image_Size><Line_Fin_Summ>N</Line_Fin_Summ><Stds_Fin_Summ>N</Stds_Fin_Summ><Subsec_Fin_Summ>N</Subsec_Fin_Summ><Fin_Summ>N</Fin_Summ><Lock_Order>0</Lock_Order><Quick_Turn_Around>0</Quick_Turn_Around><Quote_Type>B</Quote_Type></Env>","TANGRAM-OP_ORDER_HEADER-1-242859-O","2025-05-02 00:06:44.974371",NULL,NULL
"-1","TANGRAM","1",243020,"O",119393,"S",NULL,"BAA001","D734721","2005-11-28 00:00:00","2005-11-28 00:00:00","2009-02-18 00:00:00",NULL,NULL,"BARSTOW BRANCH","502","100",NULL,"0","C","N","C","N","4 ","A","1  ",NULL,0,0,NULL,0,0,"S","C","S","S","  ","SA12","N","N","N","N",199947,"AGU","S","2005-11-28 00:00:00","D","D","D","M",False,NULL,"72.53",NULL,False,False,False,NULL,False,"$930.00","$255.50","$72.07",False,False,"$0.00",False,"S",NULL,False,"2009-02-18 00:00:00",False,"N","N","N","<Env><Line_Image_Opt>N</Line_Image_Opt><Stds_Image_Opt>N</Stds_Image_Opt><Subsec_Image_Opt>N</Subsec_Image_Opt><Carton_Request>N</Carton_Request><Large_Image_Size>1</Large_Image_Size><Line_Fin_Summ>N</Line_Fin_Summ><Stds_Fin_Summ>N</Stds_Fin_Summ><Subsec_Fin_Summ>N</Subsec_Fin_Summ><Fin_Summ>N</Fin_Summ><Lock_Order>0</Lock_Order><Quick_Turn_Around>0</Quick_Turn_Around><Quote_Type>B</Quote_Type></Env>","TANGRAM-OP_ORDER_HEADER-1-243020-O","2025-05-02 00:06:44.974371",NULL,NULL
"-1","TANGRAM","1",243040,"O",120488,"S",NULL,"BAA001","D766800","2005-12-19 00:00:00","2005-12-20 00:00:00","2009-02-18 00:00:00",NULL,NULL,"ATLANTIC GARVEY","502","100",NULL,"0","C","N","C","N","4 ","A","1  ",NULL,0,0,NULL,0,0,"S","C","S","S","  ","LO10","N","N","N","N",199963,"AGU","S","2005-12-19 00:00:00","D","D","D","M",True,NULL,"77.78",NULL,False,False,False,NULL,False,"$128.88","$28.64","$10.63",False,False,"$0.00",False,"S",NULL,False,"2009-02-18 00:00:00",False,"N","N","N","<Env><Line_Image_Opt>N</Line_Image_Opt><Stds_Image_Opt>N</Stds_Image_Opt><Subsec_Image_Opt>N</Subsec_Image_Opt><Carton_Request>N</Carton_Request><Large_Image_Size>1</Large_Image_Size><Line_Fin_Summ>N</Line_Fin_Summ><Stds_Fin_Summ>N</Stds_Fin_Summ><Subsec_Fin_Summ>N</Subsec_Fin_Summ><Fin_Summ>N</Fin_Summ><Lock_Order>0</Lock_Order><Quick_Turn_Around>0</Quick_Turn_Around><Quote_Type>B</Quote_Type></Env>","TANGRAM-OP_ORDER_HEADER-1-243040-O","2025-05-02 00:06:44.974371",NULL,NULL
"-1","TANGRAM","1",243226,"O",120456,"S",NULL,"BAA001","D766775","2005-12-19 00:00:00","2005-12-19 00:00:00","2006-03-08 00:00:00",NULL,NULL,"HACIENDA HEIGHTS","502","100",NULL,"0","C","N","C","N","4 ","A","1  ",NULL,0,0,NULL,0,0,"S","C","S","S","  ","LO10","N","N","N","N",200120,"AGU","S","2005-12-19 00:00:00","D","D","D","M",False,NULL,"-12.42",NULL,False,False,False,NULL,False,"$47.50","$53.40","$3.92",False,False,"$0.00",False,"S",NULL,False,NULL,False,"N","N","N","<Env><Line_Image_Opt>N</Line_Image_Opt><Stds_Image_Opt>N</Stds_Image_Opt><Subsec_Image_Opt>N</Subsec_Image_Opt><Carton_Request>N</Carton_Request><Large_Image_Size>1</Large_Image_Size><Line_Fin_Summ>N</Line_Fin_Summ><Stds_Fin_Summ>N</Stds_Fin_Summ><Subsec_Fin_Summ>N</Subsec_Fin_Summ><Fin_Summ>N</Fin_Summ><Lock_Order>0</Lock_Order><Quick_Turn_Around>0</Quick_Turn_Around><Quote_Type>B</Quote_Type></Env>","TANGRAM-OP_ORDER_HEADER-1-243226-O","2025-05-02 00:06:44.974371",NULL,NULL
"-1","TANGRAM","1",243366,"O",140338,"S",NULL,"BAA001","D1478751","2006-12-18 00:00:00","2006-12-18 00:00:00","2007-02-08 00:00:00",NULL,NULL,"GRANDA HILLS","502","100",NULL,"0","C","N","C","N","4 ","A","1  ",NULL,0,0,NULL,0,0,"S","C","S","S","  ","LO10","N","N","N","N",200238,"AGU","S","2006-12-14 00:00:00","D","D","D","M",False,NULL,"-52.49",NULL,False,False,False,NULL,False,"$1,201.90","$1,832.74","$73.17",False,False,"$0.00",False,"S",NULL,False,NULL,False,"N","N","N","<Env><Line_Image_Opt>N</Line_Image_Opt><Stds_Image_Opt>N</Stds_Image_Opt><Subsec_Image_Opt>N</Subsec_Image_Opt><Carton_Request>N</Carton_Request><Large_Image_Size>1</Large_Image_Size><Line_Fin_Summ>N</Line_Fin_Summ><Stds_Fin_Summ>N</Stds_Fin_Summ><Subsec_Fin_Summ>N</Subsec_Fin_Summ><Fin_Summ>N</Fin_Summ><Lock_Order>0</Lock_Order><Quick_Turn_Around>0</Quick_Turn_Around><Quote_Type>B</Quote_Type></Env>","TANGRAM-OP_ORDER_HEADER-1-243366-O","2025-05-02 00:06:44.974371",NULL,NULL
"-1","TANGRAM","1",243390,"O",140542,"S","200255","BAA001","D1489429","2006-12-18 00:00:00","2006-12-21 00:00:00","2007-06-26 00:00:00",NULL,NULL,"LANCASTER MAIN","502","100",NULL,"0","C","N","C","N","4 ","A","1  ",NULL,0,0,NULL,0,0,"S","C","S","S","  ","LO10","N","N","N","N",200255,"AGU","S","2006-12-20 00:00:00","D","D","D","M",False,NULL,"27.05",NULL,False,False,False,NULL,False,"$5,268.70","$3,843.26","$329.65",False,False,"$0.00",False,"S",NULL,False,NULL,False,"N","N","N","<Env><Line_Image_Opt>N</Line_Image_Opt><Stds_Image_Opt>N</Stds_Image_Opt><Subsec_Image_Opt>N</Subsec_Image_Opt><Carton_Request>N</Carton_Request><Large_Image_Size>1</Large_Image_Size><Line_Fin_Summ>N</Line_Fin_Summ><Stds_Fin_Summ>N</Stds_Fin_Summ><Subsec_Fin_Summ>N</Subsec_Fin_Summ><Fin_Summ>N</Fin_Summ><Lock_Order>0</Lock_Order><Quick_Turn_Around>0</Quick_Turn_Around><Quote_Type>B</Quote_Type></Env>","TANGRAM-OP_ORDER_HEADER-1-243390-O","2025-05-02 00:06:44.974371",NULL,NULL
"-1","TANGRAM","1",243579,"O",116712,"S","199785","VET002","605-C50255","2005-10-07 00:00:00","2005-10-07 00:00:00","2006-01-18 00:00:00",NULL,NULL,"LUCY'S OFFICE","551","100",NULL,"0","C","N","C","N","4 ","A","2  ",NULL,0,0,NULL,0,0,"S","C","S","S","  ","GOVT","N","Y","N","N",200377,"AGU","S","2005-10-07 00:00:00","D","D","D","M",False,NULL,"91.12",NULL,False,False,False,NULL,False,"$1,064.75","$94.50","$0.00",False,False,"$0.00",False,"S",NULL,False,NULL,False,"N","N","N","<Env><Line_Image_Opt>N</Line_Image_Opt><Stds_Image_Opt>N</Stds_Image_Opt><Subsec_Image_Opt>N</Subsec_Image_Opt><Carton_Request>N</Carton_Request><Large_Image_Size>1</Large_Image_Size><Line_Fin_Summ>N</Line_Fin_Summ><Stds_Fin_Summ>N</Stds_Fin_Summ><Subsec_Fin_Summ>N</Subsec_Fin_Summ><Fin_Summ>N</Fin_Summ><Lock_Order>0</Lock_Order><Quick_Turn_Around>0</Quick_Turn_Around><Quote_Type>B</Quote_Type></Env>","TANGRAM-OP_ORDER_HEADER-1-243579-O","2025-05-02 00:06:44.974371",NULL,NULL
"-1","TANGRAM","1",243628,"O",115315,"S",NULL,"BAA001","WARRANTY OIM #4936","2005-09-13 00:00:00","2005-09-13 00:00:00","2005-09-21 00:00:00",NULL,NULL,"ORDER #106580 - OIM #4936","502","100",NULL,"0","C","N","C","N","4 ","A","1  ",NULL,0,0,NULL,0,0,"S","C","S","S","  ","SA18","N","N","N","N",0,"AME","S",NULL,"D","D","D","D",True,NULL,"0",NULL,False,False,False,NULL,False,"$0.00","$0.00","$0.00",False,False,"$0.00",False,"S",NULL,False,NULL,False,"N","N","N","<Env><Line_Image_Opt>N</Line_Image_Opt><Stds_Image_Opt>N</Stds_Image_Opt><Subsec_Image_Opt>N</Subsec_Image_Opt><Carton_Request>N</Carton_Request><Large_Image_Size>1</Large_Image_Size><Line_Fin_Summ>N</Line_Fin_Summ><Stds_Fin_Summ>N</Stds_Fin_Summ><Subsec_Fin_Summ>N</Subsec_Fin_Summ><Fin_Summ>N</Fin_Summ><Lock_Order>0</Lock_Order><Quick_Turn_Around>0</Quick_Turn_Around><Quote_Type>B</Quote_Type></Env>","TANGRAM-OP_ORDER_HEADER-1-243628-O","2025-05-02 00:06:44.974371",NULL,NULL
"-1","TANGRAM","1",243630,"O",115320,"S",NULL,"BAA001","WARRANTY - OIM #5028","2005-09-13 00:00:00","2005-09-13 00:00:00","2005-09-21 00:00:00",NULL,NULL,"ORDER #112444 - OIM #5028","502","100",NULL,"0","C","N","C","N","4 ","A","1  ",NULL,0,0,NULL,0,0,"S","C","S","S","  ","LO10","N","N","N","N",0,"AME","S",NULL,"D","D","D","D",True,NULL,"0",NULL,False,False,False,NULL,False,"$0.00","$0.00","$0.00",False,False,"$0.00",False,"S",NULL,False,NULL,False,"N","N","N","<Env><Line_Image_Opt>N</Line_Image_Opt><Stds_Image_Opt>N</Stds_Image_Opt><Subsec_Image_Opt>N</Subsec_Image_Opt><Carton_Request>N</Carton_Request><Large_Image_Size>1</Large_Image_Size><Line_Fin_Summ>N</Line_Fin_Summ><Stds_Fin_Summ>N</Stds_Fin_Summ><Subsec_Fin_Summ>N</Subsec_Fin_Summ><Fin_Summ>N</Fin_Summ><Lock_Order>0</Lock_Order><Quick_Turn_Around>0</Quick_Turn_Around><Quote_Type>B</Quote_Type></Env>","TANGRAM-OP_ORDER_HEADER-1-243630-O","2025-05-02 00:06:44.974371",NULL,NULL
"-1","TANGRAM","1",243826,"O",120495,"S",NULL,"BAA001","D766818","2005-12-19 00:00:00","2005-12-20 00:00:00","2006-03-08 00:00:00",NULL,NULL,"WEST BRENTWOOD","502","100",NULL,"0","C","N","C","N","4 ","A","1  ",NULL,0,0,NULL,0,0,"S","C","S","S","  ","LO10","N","N","N","N",200581,"AGU","S","2005-12-19 00:00:00","D","D","D","M",False,NULL,"71.94",NULL,False,False,False,NULL,False,"$390.26","$109.52","$32.20",False,False,"$0.00",False,"S",NULL,False,NULL,False,"N","N","N","<Env><Line_Image_Opt>N</Line_Image_Opt><Stds_Image_Opt>N</Stds_Image_Opt><Subsec_Image_Opt>N</Subsec_Image_Opt><Carton_Request>N</Carton_Request><Large_Image_Size>1</Large_Image_Size><Line_Fin_Summ>N</Line_Fin_Summ><Stds_Fin_Summ>N</Stds_Fin_Summ><Subsec_Fin_Summ>N</Subsec_Fin_Summ><Fin_Summ>N</Fin_Summ><Lock_Order>0</Lock_Order><Quick_Turn_Around>0</Quick_Turn_Around><Quote_Type>B</Quote_Type></Env>","TANGRAM-OP_ORDER_HEADER-1-243826-O","2025-05-02 00:06:44.974371",NULL,NULL
"-1","TANGRAM","1",243882,"O",140472,"S",NULL,"BAA001","D1483332","2006-12-18 00:00:00","2006-12-20 00:00:00","2007-03-26 00:00:00",NULL,NULL,"HIGHLAND PARK","502","100",NULL,"0","C","N","C","N","4 ","A","1  ",NULL,0,0,NULL,0,0,"S","C","S","S","  ","LO10","N","N","N","N",200627,"AGU","S","2006-12-18 00:00:00","D","D","D","M",False,NULL,"-44.57",NULL,False,False,False,NULL,False,"$2,030.99","$2,936.12","$136.52",False,False,"$0.00",False,"S",NULL,False,NULL,False,"N","N","N","<Env><Line_Image_Opt>N</Line_Image_Opt><Stds_Image_Opt>N</Stds_Image_Opt><Subsec_Image_Opt>N</Subsec_Image_Opt><Carton_Request>N</Carton_Request><Large_Image_Size>1</Large_Image_Size><Line_Fin_Summ>N</Line_Fin_Summ><Stds_Fin_Summ>N</Stds_Fin_Summ><Subsec_Fin_Summ>N</Subsec_Fin_Summ><Fin_Summ>N</Fin_Summ><Lock_Order>0</Lock_Order><Quick_Turn_Around>0</Quick_Turn_Around><Quote_Type>B</Quote_Type></Env>","TANGRAM-OP_ORDER_HEADER-1-243882-O","2025-05-02 00:06:44.974371",NULL,NULL
"-1","TANGRAM","1",243898,"O",140475,"S",NULL,"BAA001","D1483197","2006-12-18 00:00:00","2006-12-20 00:00:00","2007-04-27 00:00:00",NULL,NULL,"SOTO HOSTETTER","502","100",NULL,"0","C","N","C","N","4 ","A","1  ",NULL,0,0,NULL,0,0,"S","C","S","S","  ","LO10","N","N","N","N",200643,"AGU","S","2006-12-18 00:00:00","D","D","D","M",False,NULL,"0.36",NULL,False,False,False,NULL,False,"$2,131.23","$2,123.58","$144.48",False,False,"$0.00",False,"S",NULL,False,NULL,False,"N","N","N","<Env><Line_Image_Opt>N</Line_Image_Opt><Stds_Image_Opt>N</Stds_Image_Opt><Subsec_Image_Opt>N</Subsec_Image_Opt><Carton_Request>N</Carton_Request><Large_Image_Size>1</Large_Image_Size><Line_Fin_Summ>N</Line_Fin_Summ><Stds_Fin_Summ>N</Stds_Fin_Summ><Subsec_Fin_Summ>N</Subsec_Fin_Summ><Fin_Summ>N</Fin_Summ><Lock_Order>0</Lock_Order><Quick_Turn_Around>0</Quick_Turn_Around><Quote_Type>B</Quote_Type></Env>","TANGRAM-OP_ORDER_HEADER-1-243898-O","2025-05-02 00:06:44.974371",NULL,NULL
"-1","TANGRAM","1",244015,"O",115516,"S",NULL,"BAA001","WARRANTY","2005-09-15 00:00:00","2005-09-15 00:00:00","2005-09-27 00:00:00",NULL,NULL,"PICO VERMONT SERVICE","502","100",NULL,"0","C","N","C","N","4 ","A","1  ",NULL,0,0,NULL,0,0,"S","C","S","S","  ","LO10","N","N","N","N",0,"AGU","S",NULL,"D","D","D","M",True,NULL,"-999.99",NULL,False,False,False,NULL,False,"$0.00","$25.00","$0.00",False,False,"$0.00",False,"S",NULL,False,NULL,False,"N","N","N","<Env><Line_Image_Opt>N</Line_Image_Opt><Stds_Image_Opt>N</Stds_Image_Opt><Subsec_Image_Opt>N</Subsec_Image_Opt><Carton_Request>N</Carton_Request><Large_Image_Size>1</Large_Image_Size><Line_Fin_Summ>N</Line_Fin_Summ><Stds_Fin_Summ>N</Stds_Fin_Summ><Subsec_Fin_Summ>N</Subsec_Fin_Summ><Fin_Summ>N</Fin_Summ><Lock_Order>0</Lock_Order><Quick_Turn_Around>0</Quick_Turn_Around><Quote_Type>B</Quote_Type></Env>","TANGRAM-OP_ORDER_HEADER-1-244015-O","2025-05-02 00:06:44.974371",NULL,NULL
"-1","TANGRAM","1",244030,"O",118273,"S",NULL,"FDI010","ZILKA110405","2005-11-04 00:00:00","2005-11-04 00:00:00","2007-07-06 00:00:00",NULL,NULL,"TOM ZILKA - TRANSACTION COUNTER","548","100",NULL,"0","C","N","C","N","4 ","A","1  ",NULL,0,0,NULL,0,0,"S","C","S","S","  ","LO10","N","N","N","N",200733,"MBR","S","2005-10-31 00:00:00","D","M","M","M",True,NULL,"53.93",NULL,False,False,False,NULL,False,"$108.52","$50.00","$8.95",False,False,"$0.00",False,"S",NULL,False,NULL,False,"N","N","N","<Env><Line_Image_Opt>N</Line_Image_Opt><Stds_Image_Opt>N</Stds_Image_Opt><Subsec_Image_Opt>N</Subsec_Image_Opt><Carton_Request>N</Carton_Request><Large_Image_Size>1</Large_Image_Size><Line_Fin_Summ>N</Line_Fin_Summ><Stds_Fin_Summ>N</Stds_Fin_Summ><Subsec_Fin_Summ>N</Subsec_Fin_Summ><Fin_Summ>N</Fin_Summ><Lock_Order>0</Lock_Order><Quick_Turn_Around>0</Quick_Turn_Around><Quote_Type>B</Quote_Type></Env>","TANGRAM-OP_ORDER_HEADER-1-244030-O","2025-05-02 00:06:44.974371",NULL,NULL
"-1","TANGRAM","1",244094,"O",115551,"S",NULL,"BAA001","OKAY PER MITCH S","2005-09-15 00:00:00","2005-09-16 00:00:00","2005-09-16 00:00:00",NULL,NULL,"LAGUNA NIGEL LABOR","502","100",NULL,"0","C","N","C","N","4 ","A","1  ",NULL,0,0,NULL,0,0,"S","C","S","S","  ","OR10","N","N","N","N",0,"AGU","S",NULL,"D","D","D","M",False,NULL,"-999.99",NULL,False,False,False,NULL,False,"$0.00","$43.00","$0.00",False,False,"$0.00",False,"S",NULL,False,NULL,False,"N","N","N","<Env><Line_Image_Opt>N</Line_Image_Opt><Stds_Image_Opt>N</Stds_Image_Opt><Subsec_Image_Opt>N</Subsec_Image_Opt><Carton_Request>N</Carton_Request><Large_Image_Size>1</Large_Image_Size><Line_Fin_Summ>N</Line_Fin_Summ><Stds_Fin_Summ>N</Stds_Fin_Summ><Subsec_Fin_Summ>N</Subsec_Fin_Summ><Fin_Summ>N</Fin_Summ><Lock_Order>0</Lock_Order><Quick_Turn_Around>0</Quick_Turn_Around><Quote_Type>B</Quote_Type></Env>","TANGRAM-OP_ORDER_HEADER-1-244094-O","2025-05-02 00:06:44.974371",NULL,NULL
"-1","TANGRAM","1",244237,"O",140547,"S","200869","BAA001","D1488144","2006-12-18 00:00:00","2006-12-21 00:00:00","2007-03-23 00:00:00",NULL,NULL,"PICO VERMONT","502","100",NULL,"0","C","N","C","N","4 ","A","1  ",NULL,0,0,NULL,0,0,"S","C","S","S","  ","LO10","N","N","N","N",200869,"AGU","S","2006-12-20 00:00:00","D","D","D","M",False,NULL,"12.91",NULL,False,False,False,NULL,False,"$10,733.61","$9,347.74","$402.53",False,False,"$0.00",False,"S",NULL,False,NULL,False,"N","N","N","<Env><Line_Image_Opt>N</Line_Image_Opt><Stds_Image_Opt>N</Stds_Image_Opt><Subsec_Image_Opt>N</Subsec_Image_Opt><Carton_Request>N</Carton_Request><Large_Image_Size>1</Large_Image_Size><Line_Fin_Summ>N</Line_Fin_Summ><Stds_Fin_Summ>N</Stds_Fin_Summ><Subsec_Fin_Summ>N</Subsec_Fin_Summ><Fin_Summ>N</Fin_Summ><Lock_Order>0</Lock_Order><Quick_Turn_Around>0</Quick_Turn_Around><Quote_Type>B</Quote_Type></Env>","TANGRAM-OP_ORDER_HEADER-1-244237-O","2025-05-02 00:06:44.974371",NULL,NULL
"-1","TANGRAM","1",244953,"O",140429,"S",NULL,"BAA001","D1481431","2006-12-18 00:00:00","2006-12-19 00:00:00","2007-03-23 00:00:00",NULL,NULL,"WASHINGTON & 12TH","502","100",NULL,"0","C","N","C","N","4 ","A","1  ",NULL,0,0,NULL,0,0,"S","C","S","S","  ","LO10","N","N","N","N",201423,"AGU","S","2006-12-16 00:00:00","D","D","D","M",False,NULL,"-32.34",NULL,False,False,False,NULL,False,"$2,023.24","$2,677.56","$137.42",False,False,"$0.00",False,"S",NULL,False,NULL,False,"N","N","N","<Env><Line_Image_Opt>N</Line_Image_Opt><Stds_Image_Opt>N</Stds_Image_Opt><Subsec_Image_Opt>N</Subsec_Image_Opt><Carton_Request>N</Carton_Request><Large_Image_Size>1</Large_Image_Size><Line_Fin_Summ>N</Line_Fin_Summ><Stds_Fin_Summ>N</Stds_Fin_Summ><Subsec_Fin_Summ>N</Subsec_Fin_Summ><Fin_Summ>N</Fin_Summ><Lock_Order>0</Lock_Order><Quick_Turn_Around>0</Quick_Turn_Around><Quote_Type>B</Quote_Type></Env>","TANGRAM-OP_ORDER_HEADER-1-244953-O","2025-05-02 00:06:44.974371",NULL,NULL
"-1","TANGRAM","1",245031,"O",116682,"S",NULL,"VET002","605A50455","2005-10-07 00:00:00","2005-10-07 00:00:00","2005-10-27 00:00:00",NULL,NULL,"STORAGE","505","100",NULL,"0","C","N","C","N","4 ","A","1  ",NULL,0,0,NULL,0,0,"S","C","S","S","  ","GOVT","N","N","N","N",201483,"RVI","S","2005-09-26 00:00:00","P","P","P","M",True,NULL,"100",NULL,False,False,False,NULL,False,"$1,081.98","$0.00","$0.00",False,False,"$0.00",False,"S",NULL,False,NULL,False,"N","N","N","<Env><Line_Image_Opt>N</Line_Image_Opt><Stds_Image_Opt>N</Stds_Image_Opt><Subsec_Image_Opt>N</Subsec_Image_Opt><Carton_Request>N</Carton_Request><Large_Image_Size>1</Large_Image_Size><Line_Fin_Summ>N</Line_Fin_Summ><Stds_Fin_Summ>N</Stds_Fin_Summ><Subsec_Fin_Summ>N</Subsec_Fin_Summ><Fin_Summ>N</Fin_Summ><Lock_Order>0</Lock_Order><Quick_Turn_Around>0</Quick_Turn_Around><Quote_Type>B</Quote_Type></Env>","TANGRAM-OP_ORDER_HEADER-1-245031-O","2025-05-02 00:06:44.974371",NULL,NULL
"-1","TANGRAM","1",245191,"O",118351,"S","199785","VET002","605C50252","2005-11-07 00:00:00","2005-11-07 00:00:00","2006-01-19 00:00:00",NULL,NULL,"FACILITIES AREA                         ","551","100",NULL,"0","C","O","C","N","4 ","A","1  ","2008-04-01 00:00:00",0,1,NULL,0,0,"S","C","S","S","  ","GOVT","N","N","N","N",201615,"RVI","S","2005-11-03 00:00:00","D","M","M","M",False,NULL,"85.43",NULL,False,False,False,NULL,False,"$1,592.17","$232.00","$123.39",False,False,"$0.00",False,"S",NULL,False,NULL,False,"N","N","N","<Env><Line_Image_Opt>N</Line_Image_Opt><Stds_Image_Opt>N</Stds_Image_Opt><Subsec_Image_Opt>N</Subsec_Image_Opt><Carton_Request>N</Carton_Request><Large_Image_Size>1</Large_Image_Size><Line_Fin_Summ>N</Line_Fin_Summ><Stds_Fin_Summ>N</Stds_Fin_Summ><Subsec_Fin_Summ>N</Subsec_Fin_Summ><Fin_Summ>N</Fin_Summ><Lock_Order>0</Lock_Order><Quick_Turn_Around>0</Quick_Turn_Around><Quote_Type>B</Quote_Type></Env>","TANGRAM-OP_ORDER_HEADER-1-245191-O","2025-05-02 00:06:44.974371",NULL,NULL
"-1","TANGRAM","1",245222,"O",116202,"S",NULL,"BAA001","WARRANTY","2005-09-28 00:00:00","2005-09-28 00:00:00","2005-09-28 00:00:00",NULL,NULL,"quartz hill warranty","502","100",NULL,"0","C","N","C","N","4 ","A","1  ",NULL,0,0,NULL,0,0,"S","C","S","S","  ","LO10","N","N","N","N",0,"AGU","S",NULL,"D","D","D","M",False,NULL,"-999.99",NULL,False,False,False,NULL,False,"$0.00","$22.00","$0.00",False,False,"$0.00",False,"S",NULL,False,NULL,False,"N","N","N","<Env><Line_Image_Opt>N</Line_Image_Opt><Stds_Image_Opt>N</Stds_Image_Opt><Subsec_Image_Opt>N</Subsec_Image_Opt><Carton_Request>N</Carton_Request><Large_Image_Size>1</Large_Image_Size><Line_Fin_Summ>N</Line_Fin_Summ><Stds_Fin_Summ>N</Stds_Fin_Summ><Subsec_Fin_Summ>N</Subsec_Fin_Summ><Fin_Summ>N</Fin_Summ><Lock_Order>0</Lock_Order><Quick_Turn_Around>0</Quick_Turn_Around><Quote_Type>B</Quote_Type></Env>","TANGRAM-OP_ORDER_HEADER-1-245222-O","2025-05-02 00:06:44.974371",NULL,NULL
"-1","TANGRAM","1",245229,"O",140423,"S","201649","BAA001","D1481436","2006-12-18 00:00:00","2006-12-19 00:00:00","2007-06-26 00:00:00",NULL,NULL,"MING PLAZA","502","100",NULL,"0","C","N","C","N","4 ","A","1  ",NULL,0,0,NULL,0,0,"S","C","S","S","  ","KE10","N","N","N","N",201649,"AGU","S","2006-12-16 00:00:00","D","D","D","M",False,NULL,"39.83",NULL,False,False,False,NULL,False,"$5,845.24","$3,517.17","$325.90",False,False,"$0.00",False,"S",NULL,False,NULL,False,"N","N","N","<Env><Line_Image_Opt>N</Line_Image_Opt><Stds_Image_Opt>N</Stds_Image_Opt><Subsec_Image_Opt>N</Subsec_Image_Opt><Carton_Request>N</Carton_Request><Large_Image_Size>1</Large_Image_Size><Line_Fin_Summ>N</Line_Fin_Summ><Stds_Fin_Summ>N</Stds_Fin_Summ><Subsec_Fin_Summ>N</Subsec_Fin_Summ><Fin_Summ>N</Fin_Summ><Lock_Order>0</Lock_Order><Quick_Turn_Around>0</Quick_Turn_Around><Quote_Type>B</Quote_Type></Env>","TANGRAM-OP_ORDER_HEADER-1-245229-O","2025-05-02 00:06:44.974371",NULL,NULL
"-1","TANGRAM","1",245326,"O",118349,"S","199785","VET002","605C50254","2005-11-07 00:00:00","2005-11-07 00:00:00","2006-02-15 00:00:00",NULL,NULL,"DOUBLE WORKSTATION                      ","551","100",NULL,"0","C","N","C","N","4 ","A","2  ",NULL,0,0,NULL,0,0,"S","C","S","S","  ","GOVT","N","N","N","N",201720,"RVI","S","2005-11-07 00:00:00","D","D","D","D",False,NULL,"90.1",NULL,False,False,False,NULL,False,"$2,061.64","$204.15","$0.00",False,False,"$0.00",False,"S",NULL,False,NULL,False,"N","N","N","<Env><Line_Image_Opt>N</Line_Image_Opt><Stds_Image_Opt>N</Stds_Image_Opt><Subsec_Image_Opt>N</Subsec_Image_Opt><Carton_Request>N</Carton_Request><Large_Image_Size>1</Large_Image_Size><Line_Fin_Summ>N</Line_Fin_Summ><Stds_Fin_Summ>N</Stds_Fin_Summ><Subsec_Fin_Summ>N</Subsec_Fin_Summ><Fin_Summ>N</Fin_Summ><Lock_Order>0</Lock_Order><Quick_Turn_Around>0</Quick_Turn_Around><Quote_Type>B</Quote_Type></Env>","TANGRAM-OP_ORDER_HEADER-1-245326-O","2025-05-02 00:06:44.974371",NULL,NULL
"-1","TANGRAM","1",245424,"O",117448,"S",NULL,"DEF003","SIGNED QUOTE #201806","2005-10-19 00:00:00","2005-10-19 00:00:00","2005-10-26 00:00:00",NULL,NULL,"leap chair                              ","548","100",NULL,"0","C","N","C","N","4 ","A","1  ",NULL,0,0,NULL,0,0,"S","C","S","S","  ","LO10","N","N","N","N",201806,"RVI","S","2005-10-04 00:00:00","D","D","D","M",True,NULL,"68.99",NULL,False,False,False,NULL,False,"$161.26","$50.00","$13.30",False,False,"$0.00",False,"S",NULL,False,NULL,False,"N","N","N","<Env><Line_Image_Opt>N</Line_Image_Opt><Stds_Image_Opt>N</Stds_Image_Opt><Subsec_Image_Opt>N</Subsec_Image_Opt><Carton_Request>N</Carton_Request><Large_Image_Size>1</Large_Image_Size><Line_Fin_Summ>N</Line_Fin_Summ><Stds_Fin_Summ>N</Stds_Fin_Summ><Subsec_Fin_Summ>N</Subsec_Fin_Summ><Fin_Summ>N</Fin_Summ><Lock_Order>0</Lock_Order><Quick_Turn_Around>0</Quick_Turn_Around><Quote_Type>B</Quote_Type></Env>","TANGRAM-OP_ORDER_HEADER-1-245424-O","2025-05-02 00:06:44.974371",NULL,NULL
"-1","TANGRAM","1",245623,"O",116429,"S",NULL,"BAA001","DEMO CHAIR","2005-10-11 00:00:00","2005-10-04 00:00:00","2005-10-06 00:00:00",NULL,NULL,"DEMO CHAIR","502","100",NULL,"0","C","N","C","N","4 ","A","1  ",NULL,0,0,NULL,0,0,"S","C","S","S","  ","OR10","N","N","N","N",0,"AGU","S",NULL,"D","D","D","D",False,NULL,"-999.99",NULL,False,False,False,NULL,False,"$0.00","$44.00","$0.00",False,False,"$0.00",False,"S",NULL,False,NULL,False,"N","N","N","<Env><Line_Image_Opt>N</Line_Image_Opt><Stds_Image_Opt>N</Stds_Image_Opt><Subsec_Image_Opt>N</Subsec_Image_Opt><Carton_Request>N</Carton_Request><Large_Image_Size>1</Large_Image_Size><Line_Fin_Summ>N</Line_Fin_Summ><Stds_Fin_Summ>N</Stds_Fin_Summ><Subsec_Fin_Summ>N</Subsec_Fin_Summ><Fin_Summ>N</Fin_Summ><Lock_Order>0</Lock_Order><Quick_Turn_Around>0</Quick_Turn_Around><Quote_Type>B</Quote_Type></Env>","TANGRAM-OP_ORDER_HEADER-1-245623-O","2025-05-02 00:06:44.974371",NULL,NULL
"-1","TANGRAM","1",246193,"O",120508,"S",NULL,"BAA001","D766845","2005-12-19 00:00:00","2005-12-20 00:00:00","2009-02-18 00:00:00",NULL,NULL,"VENICE BANKING CENTER","502","100",NULL,"0","C","N","C","N","4 ","A","1  ",NULL,0,0,NULL,0,0,"S","C","S","S","  ","LO10","N","N","N","N",202452,"AGU","S","2005-12-19 00:00:00","D","D","D","M",False,NULL,"59.75",NULL,False,False,False,NULL,False,"$292.70","$117.80","$0.00",False,False,"$0.00",False,"S",NULL,False,"2009-02-18 00:00:00",False,"N","N","N","<Env><Line_Image_Opt>N</Line_Image_Opt><Stds_Image_Opt>N</Stds_Image_Opt><Subsec_Image_Opt>N</Subsec_Image_Opt><Carton_Request>N</Carton_Request><Large_Image_Size>1</Large_Image_Size><Line_Fin_Summ>N</Line_Fin_Summ><Stds_Fin_Summ>N</Stds_Fin_Summ><Subsec_Fin_Summ>N</Subsec_Fin_Summ><Fin_Summ>N</Fin_Summ><Lock_Order>0</Lock_Order><Quick_Turn_Around>0</Quick_Turn_Around><Quote_Type>B</Quote_Type></Env>","TANGRAM-OP_ORDER_HEADER-1-246193-O","2025-05-02 00:06:44.974371",NULL,NULL
"-1","TANGRAM","1",246292,"O",140421,"S","202536","BAA001","D1481420","2006-12-18 00:00:00","2006-12-19 00:00:00","2007-06-26 00:00:00",NULL,NULL,"TULARE","502","100",NULL,"0","C","N","C","N","4 ","A","1  ",NULL,0,0,NULL,0,0,"S","C","S","S","  ","TU10","N","N","N","N",202536,"AGU","S","2006-12-16 00:00:00","D","D","D","M",False,NULL,"54.59",NULL,False,False,False,NULL,False,"$10,143.82","$4,606.31","$609.46",False,False,"$0.00",False,"S",NULL,False,NULL,False,"N","N","N","<Env><Line_Image_Opt>N</Line_Image_Opt><Stds_Image_Opt>N</Stds_Image_Opt><Subsec_Image_Opt>N</Subsec_Image_Opt><Carton_Request>N</Carton_Request><Large_Image_Size>1</Large_Image_Size><Line_Fin_Summ>N</Line_Fin_Summ><Stds_Fin_Summ>N</Stds_Fin_Summ><Subsec_Fin_Summ>N</Subsec_Fin_Summ><Fin_Summ>N</Fin_Summ><Lock_Order>0</Lock_Order><Quick_Turn_Around>0</Quick_Turn_Around><Quote_Type>B</Quote_Type></Env>","TANGRAM-OP_ORDER_HEADER-1-246292-O","2025-05-02 00:06:44.974371",NULL,NULL
"-1","TANGRAM","1",246983,"O",121141,"S","204853","BAA001","D781135","2006-01-06 00:00:00","2006-01-06 00:00:00","2006-08-18 00:00:00",NULL,NULL,"CITY OF INDUSTRY -2ND FLOOR","502","100",NULL,"0","C","N","C","N","4 ","A","1  ",NULL,0,0,NULL,0,0,"S","C","S","S","  ","LO10","N","N","N","N",203006,"AGU","S","2005-11-10 00:00:00","D","D","D","M",False,NULL,"44.27",NULL,False,False,False,NULL,False,"$4,396.43","$2,450.10","$344.64",False,False,"$0.00",False,"S",NULL,False,NULL,False,"N","N","N","<Env><Line_Image_Opt>N</Line_Image_Opt><Stds_Image_Opt>N</Stds_Image_Opt><Subsec_Image_Opt>N</Subsec_Image_Opt><Carton_Request>N</Carton_Request><Large_Image_Size>1</Large_Image_Size><Line_Fin_Summ>N</Line_Fin_Summ><Stds_Fin_Summ>N</Stds_Fin_Summ><Subsec_Fin_Summ>N</Subsec_Fin_Summ><Fin_Summ>N</Fin_Summ><Lock_Order>0</Lock_Order><Quick_Turn_Around>0</Quick_Turn_Around><Quote_Type>B</Quote_Type></Env>","TANGRAM-OP_ORDER_HEADER-1-246983-O","2025-05-02 00:06:44.974371",NULL,NULL
"-1","TANGRAM","1",247545,"O",118556,"S","203470","BAA001","D713710","2005-11-10 00:00:00","2005-11-10 00:00:00","2006-12-11 00:00:00",NULL,NULL,"PLAYA VISTA","502","100",NULL,"0","M","N","C","N","4 ","A","1  ",NULL,0,0,NULL,0,0,"S","C","S","S","  ","LO10","N","N","N","N",203470,"AGU","S","2005-11-04 00:00:00","D","D","D","M",False,NULL,"65.56",NULL,False,False,False,NULL,False,"$2,272.51","$782.56","$181.38",False,False,"$0.00",False,"S",NULL,False,NULL,False,"N","N","N","<Env><Line_Image_Opt>N</Line_Image_Opt><Stds_Image_Opt>N</Stds_Image_Opt><Subsec_Image_Opt>N</Subsec_Image_Opt><Carton_Request>N</Carton_Request><Large_Image_Size>1</Large_Image_Size><Line_Fin_Summ>N</Line_Fin_Summ><Stds_Fin_Summ>N</Stds_Fin_Summ><Subsec_Fin_Summ>N</Subsec_Fin_Summ><Fin_Summ>N</Fin_Summ><Lock_Order>0</Lock_Order><Quick_Turn_Around>0</Quick_Turn_Around><Quote_Type>B</Quote_Type></Env>","TANGRAM-OP_ORDER_HEADER-1-247545-O","2025-05-02 00:06:44.974371",NULL,NULL
"-1","TANGRAM","1",247613,"O",122476,"S","203524","BAA001","D822302","2006-01-30 00:00:00","2006-02-01 00:00:00","2006-12-11 00:00:00",NULL,NULL,"MOONEY BEACH","502","100",NULL,"0","C","N","C","N","4 ","A","1  ",NULL,0,0,NULL,0,0,"S","C","S","S","  ","TU10","N","N","N","N",203524,"AGU","S","2006-01-30 00:00:00","D","D","D","M",False,NULL,"59.61",NULL,False,False,False,NULL,False,"$399.14","$161.20","$28.94",False,False,"$0.00",False,"S",NULL,False,NULL,False,"N","N","N","<Env><Line_Image_Opt>N</Line_Image_Opt><Stds_Image_Opt>N</Stds_Image_Opt><Subsec_Image_Opt>N</Subsec_Image_Opt><Carton_Request>N</Carton_Request><Large_Image_Size>1</Large_Image_Size><Line_Fin_Summ>N</Line_Fin_Summ><Stds_Fin_Summ>N</Stds_Fin_Summ><Subsec_Fin_Summ>N</Subsec_Fin_Summ><Fin_Summ>N</Fin_Summ><Lock_Order>0</Lock_Order><Quick_Turn_Around>0</Quick_Turn_Around><Quote_Type>B</Quote_Type></Env>","TANGRAM-OP_ORDER_HEADER-1-247613-O","2025-05-02 00:06:44.974371",NULL,NULL
"-1","TANGRAM","1",248297,"O",118274,"S",NULL,"FDI010","ZILKA110405","2005-11-04 00:00:00","2005-11-04 00:00:00","2005-11-04 00:00:00",NULL,NULL,"FDIC/BPI'S","548","100",NULL,"0","C","N","C","N","4 ","A","1  ",NULL,0,0,NULL,0,0,"S","C","S","S","  ","LO10","N","N","N","N",204113,"RVI","S","2005-10-31 00:00:00","D","M","M","M",True,NULL,"100",NULL,False,False,False,NULL,False,"$43.20","$0.00","$3.56",False,False,"$0.00",False,"S",NULL,False,NULL,False,"N","N","N","<Env><Line_Image_Opt>N</Line_Image_Opt><Stds_Image_Opt>N</Stds_Image_Opt><Subsec_Image_Opt>N</Subsec_Image_Opt><Carton_Request>N</Carton_Request><Large_Image_Size>1</Large_Image_Size><Line_Fin_Summ>N</Line_Fin_Summ><Stds_Fin_Summ>N</Stds_Fin_Summ><Subsec_Fin_Summ>N</Subsec_Fin_Summ><Fin_Summ>N</Fin_Summ><Lock_Order>0</Lock_Order><Quick_Turn_Around>0</Quick_Turn_Around><Quote_Type>B</Quote_Type></Env>","TANGRAM-OP_ORDER_HEADER-1-248297-O","2025-05-02 00:06:44.974371",NULL,NULL
"-1","TANGRAM","1",248598,"O",140549,"S","204363","BAA001","D1488239","2006-12-18 00:00:00","2006-12-21 00:00:00","2007-10-09 00:00:00",NULL,NULL,"BELLA TERRA","502","100",NULL,"0","C","N","C","N","4 ","A","1  ",NULL,0,0,NULL,0,0,"S","C","S","S","  ","OR10","N","N","N","N",204363,"AGU","S","2006-12-21 00:00:00","D","D","D","M",False,NULL,"-30.43",NULL,False,False,False,NULL,False,"$2,821.79","$3,680.56","$181.41",False,False,"$0.00",False,"S",NULL,False,"2007-10-09 00:00:00",False,"N","N","N","<Env><Line_Image_Opt>N</Line_Image_Opt><Stds_Image_Opt>N</Stds_Image_Opt><Subsec_Image_Opt>N</Subsec_Image_Opt><Carton_Request>N</Carton_Request><Large_Image_Size>1</Large_Image_Size><Line_Fin_Summ>N</Line_Fin_Summ><Stds_Fin_Summ>N</Stds_Fin_Summ><Subsec_Fin_Summ>N</Subsec_Fin_Summ><Fin_Summ>N</Fin_Summ><Lock_Order>0</Lock_Order><Quick_Turn_Around>0</Quick_Turn_Around><Quote_Type>B</Quote_Type></Env>","TANGRAM-OP_ORDER_HEADER-1-248598-O","2025-05-02 00:06:44.974371",NULL,NULL
"-1","TANGRAM","1",249281,"O",118551,"S",NULL,"VET002","WARRANTY","2005-11-10 00:00:00","2005-11-10 00:00:00","2005-12-20 00:00:00",NULL,NULL,"SERVICE/PEGGY KNIGHT","548","100",NULL,"0","C","N","C","N","4 ","A","1  ",NULL,0,0,NULL,0,0,"S","C","S","S","  ","GOVT","N","N","N","N",0,"RVI","S",NULL,"D","D","D","D",True,NULL,"0",NULL,False,False,False,NULL,False,"$0.00","$0.00","$0.00",False,False,"$0.00",False,"S",NULL,False,NULL,False,"N","N","N","<Env><Line_Image_Opt>N</Line_Image_Opt><Stds_Image_Opt>N</Stds_Image_Opt><Subsec_Image_Opt>N</Subsec_Image_Opt><Carton_Request>N</Carton_Request><Large_Image_Size>1</Large_Image_Size><Line_Fin_Summ>N</Line_Fin_Summ><Stds_Fin_Summ>N</Stds_Fin_Summ><Subsec_Fin_Summ>N</Subsec_Fin_Summ><Fin_Summ>N</Fin_Summ><Lock_Order>0</Lock_Order><Quick_Turn_Around>0</Quick_Turn_Around><Quote_Type>B</Quote_Type></Env>","TANGRAM-OP_ORDER_HEADER-1-249281-O","2025-05-02 00:06:44.974371",NULL,NULL
"-1","TANGRAM","1",249744,"O",123458,"S",NULL,"USB005","I1-06461200100","2006-02-08 00:00:00","2006-02-21 00:00:00","2006-02-24 00:00:00",NULL,NULL,"STORAGE FILES","548","100",NULL,"0","C","N","C","N","4 ","A","1  ",NULL,0,0,NULL,0,0,"S","C","S","S","  ","LO10","N","N","N","N",205256,"RVI","S","2005-12-02 00:00:00","D","D","D","M",False,NULL,"44.31",NULL,False,False,False,NULL,False,"$168.80","$94.00","$13.93",False,False,"$0.00",False,"S",NULL,False,NULL,False,"N","N","N","<Env><Line_Image_Opt>N</Line_Image_Opt><Stds_Image_Opt>N</Stds_Image_Opt><Subsec_Image_Opt>N</Subsec_Image_Opt><Carton_Request>N</Carton_Request><Large_Image_Size>1</Large_Image_Size><Line_Fin_Summ>N</Line_Fin_Summ><Stds_Fin_Summ>N</Stds_Fin_Summ><Subsec_Fin_Summ>N</Subsec_Fin_Summ><Fin_Summ>N</Fin_Summ><Lock_Order>0</Lock_Order><Quick_Turn_Around>0</Quick_Turn_Around><Quote_Type>B</Quote_Type></Env>","TANGRAM-OP_ORDER_HEADER-1-249744-O","2025-05-02 00:06:44.974371",NULL,NULL
"-1","TANGRAM","1",251092,"O",120137,"S",NULL,"BAA001","D756797","2005-12-12 00:00:00","2005-12-12 00:00:00","2005-12-12 00:00:00",NULL,NULL,"OCEANSIDE","502","100",NULL,"0","C","N","C","N","4 ","A","1  ",NULL,0,0,NULL,0,0,"S","C","S","S","  ","SA13","N","N","N","N",206304,"AGU","S","2005-12-09 00:00:00","D","D","D","M",True,NULL,"72.2",NULL,False,False,False,NULL,False,"$73.39","$20.40","$5.69",False,False,"$0.00",False,"S",NULL,False,NULL,False,"N","N","N","<Env><Line_Image_Opt>N</Line_Image_Opt><Stds_Image_Opt>N</Stds_Image_Opt><Subsec_Image_Opt>N</Subsec_Image_Opt><Carton_Request>N</Carton_Request><Large_Image_Size>1</Large_Image_Size><Line_Fin_Summ>N</Line_Fin_Summ><Stds_Fin_Summ>N</Stds_Fin_Summ><Subsec_Fin_Summ>N</Subsec_Fin_Summ><Fin_Summ>N</Fin_Summ><Lock_Order>0</Lock_Order><Quick_Turn_Around>0</Quick_Turn_Around><Quote_Type>B</Quote_Type></Env>","TANGRAM-OP_ORDER_HEADER-1-251092-O","2025-05-02 00:06:44.974371",NULL,NULL
"-1","TANGRAM","1",252678,"O",122314,"S",NULL,"FE03  ","HATCHETT013006","2006-01-30 00:00:00","2006-01-30 00:00:00","2006-09-15 00:00:00",NULL,NULL,"FAA Chairs/STEELCASE THEOREM","548","100",NULL,"0","C","N","C","N","4 ","A","1  ",NULL,0,0,NULL,0,0,"S","C","S","S","  ","LO10","N","N","N","N",207601,"LEL","S","2006-01-26 00:00:00","M","M","M","M",True,NULL,"71.86",NULL,False,False,False,NULL,False,"$177.70","$50.00","$0.00",False,False,"$0.00",False,"S",NULL,False,NULL,False,"N","N","N","<Env><Line_Image_Opt>N</Line_Image_Opt><Stds_Image_Opt>N</Stds_Image_Opt><Subsec_Image_Opt>N</Subsec_Image_Opt><Carton_Request>N</Carton_Request><Large_Image_Size>1</Large_Image_Size><Line_Fin_Summ>N</Line_Fin_Summ><Stds_Fin_Summ>N</Stds_Fin_Summ><Subsec_Fin_Summ>N</Subsec_Fin_Summ><Fin_Summ>N</Fin_Summ><Lock_Order>0</Lock_Order><Quick_Turn_Around>0</Quick_Turn_Around><Quote_Type>B</Quote_Type></Env>","TANGRAM-OP_ORDER_HEADER-1-252678-O","2025-05-02 00:06:44.974371",NULL,NULL
"-1","TANGRAM","1",252763,"O",120724,"C","199178","BAA001","D617959","2005-09-02 00:00:00","2005-12-27 00:00:00","2005-12-27 00:00:00",NULL,NULL,"Credit for Order 114908 / Invoice 242384","502","100",NULL,"0","C","N","C","N","4 ","A","1  ",NULL,0,0,NULL,0,0,"S","C","S","S","  ","LO10","N","N","N","N",199178,"YSM","S",NULL,"D","D","D","M",True,NULL,"15.27",NULL,False,False,False,NULL,False,"$0.00","$0.00","$0.00",False,False,"$0.00",False,"S",NULL,False,NULL,False,"N","N","N","<Env><Line_Image_Opt>N</Line_Image_Opt><Stds_Image_Opt>N</Stds_Image_Opt><Subsec_Image_Opt>N</Subsec_Image_Opt><Carton_Request>N</Carton_Request><Large_Image_Size>1</Large_Image_Size><Line_Fin_Summ>N</Line_Fin_Summ><Stds_Fin_Summ>N</Stds_Fin_Summ><Subsec_Fin_Summ>N</Subsec_Fin_Summ><Fin_Summ>N</Fin_Summ><Lock_Order>0</Lock_Order><Quick_Turn_Around>0</Quick_Turn_Around><Quote_Type>B</Quote_Type></Env>","TANGRAM-OP_ORDER_HEADER-1-252763-O","2025-05-02 00:06:44.974371",NULL,NULL
"-1","TANGRAM","1",252803,"O",122016,"S",NULL,"BAA001","D6817456","2006-01-24 00:00:00","2006-01-25 00:00:00","2006-12-11 00:00:00",NULL,NULL,"LA HABRA PREMIER","502","100",NULL,"0","C","N","C","N","4 ","A","1  ",NULL,0,0,NULL,0,0,"S","C","S","S","  ","LO10","N","N","N","N",207683,"AGU","S","2006-01-24 00:00:00","D","D","D","M",True,NULL,"78.28",NULL,False,False,False,NULL,False,"$215.97","$46.90","$17.82",False,False,"$0.00",False,"S",NULL,False,NULL,False,"N","N","N","<Env><Line_Image_Opt>N</Line_Image_Opt><Stds_Image_Opt>N</Stds_Image_Opt><Subsec_Image_Opt>N</Subsec_Image_Opt><Carton_Request>N</Carton_Request><Large_Image_Size>1</Large_Image_Size><Line_Fin_Summ>N</Line_Fin_Summ><Stds_Fin_Summ>N</Stds_Fin_Summ><Subsec_Fin_Summ>N</Subsec_Fin_Summ><Fin_Summ>N</Fin_Summ><Lock_Order>0</Lock_Order><Quick_Turn_Around>0</Quick_Turn_Around><Quote_Type>B</Quote_Type></Env>","TANGRAM-OP_ORDER_HEADER-1-252803-O","2025-05-02 00:06:44.974371",NULL,NULL
"-1","TANGRAM","1",253111,"O",120994,"C","191873","BAA001","D547059","2005-07-13 00:00:00","2005-12-30 00:00:00",NULL,NULL,NULL,"Final Cost Adj - Order 112444/Inv 238965","502","100",NULL,"0","C","N","P","N","4 ","A","1  ",NULL,0,0,NULL,0,0,"S","C","S","S","  ","LO10","N","N","N","N",191873,"DSH","S",NULL,"D","D","D","M",True,NULL,"58.37",NULL,False,False,False,NULL,False,"$0.00","$0.00","$0.00",False,False,"$0.00",False,"S",NULL,False,NULL,False,"N","N","N","<Env><Line_Image_Opt>N</Line_Image_Opt><Stds_Image_Opt>N</Stds_Image_Opt><Subsec_Image_Opt>N</Subsec_Image_Opt><Carton_Request>N</Carton_Request><Large_Image_Size>1</Large_Image_Size><Line_Fin_Summ>N</Line_Fin_Summ><Stds_Fin_Summ>N</Stds_Fin_Summ><Subsec_Fin_Summ>N</Subsec_Fin_Summ><Fin_Summ>N</Fin_Summ><Lock_Order>0</Lock_Order><Quick_Turn_Around>0</Quick_Turn_Around><Quote_Type>B</Quote_Type></Env>","TANGRAM-OP_ORDER_HEADER-1-253111-O","2025-05-02 00:06:44.974371",NULL,NULL
"-1","TANGRAM","1",253112,"O",120995,"C","186461","BAA001","D576654","2005-08-04 00:00:00","2005-12-30 00:00:00",NULL,NULL,NULL,"Final Cost Adj - Order 113616/Inv 242364","502","100",NULL,"0","C","N","I","N","4 ","A","1  ",NULL,0,0,NULL,0,0,"S","C","S","S","  ","LO10","N","N","N","N",186461,"DSH","S",NULL,"D","D","D","M",True,NULL,"21.76",NULL,False,False,False,NULL,False,"$0.00","$0.00","$0.00",False,False,"$0.00",False,"S",NULL,False,NULL,False,"N","N","N","<Env><Line_Image_Opt>N</Line_Image_Opt><Stds_Image_Opt>N</Stds_Image_Opt><Subsec_Image_Opt>N</Subsec_Image_Opt><Carton_Request>N</Carton_Request><Large_Image_Size>1</Large_Image_Size><Line_Fin_Summ>N</Line_Fin_Summ><Stds_Fin_Summ>N</Stds_Fin_Summ><Subsec_Fin_Summ>N</Subsec_Fin_Summ><Fin_Summ>N</Fin_Summ><Lock_Order>0</Lock_Order><Quick_Turn_Around>0</Quick_Turn_Around><Quote_Type>B</Quote_Type></Env>","TANGRAM-OP_ORDER_HEADER-1-253112-O","2025-05-02 00:06:44.974371",NULL,NULL
"-1","TANGRAM","1",253838,"O",122794,"S","208492","BAA001","D839764","2006-02-07 00:00:00","2006-02-07 00:00:00","2006-11-10 00:00:00",NULL,NULL,"NORTH HILLS","502","100",NULL,"0","C","N","C","N","4 ","A","1  ",NULL,0,0,NULL,0,0,"S","C","S","S","  ","LO10","N","N","N","N",208492,"AGU","S","2006-02-06 00:00:00","D","D","D","M",False,NULL,"31.91",NULL,False,False,False,NULL,False,"$3,653.00","$2,487.28","$301.37",False,False,"$0.00",False,"S",NULL,False,NULL,False,"N","N","N","<Env><Line_Image_Opt>N</Line_Image_Opt><Stds_Image_Opt>N</Stds_Image_Opt><Subsec_Image_Opt>N</Subsec_Image_Opt><Carton_Request>N</Carton_Request><Large_Image_Size>1</Large_Image_Size><Line_Fin_Summ>N</Line_Fin_Summ><Stds_Fin_Summ>N</Stds_Fin_Summ><Subsec_Fin_Summ>N</Subsec_Fin_Summ><Fin_Summ>N</Fin_Summ><Lock_Order>0</Lock_Order><Quick_Turn_Around>0</Quick_Turn_Around><Quote_Type>B</Quote_Type></Env>","TANGRAM-OP_ORDER_HEADER-1-253838-O","2025-05-02 00:06:44.974371",NULL,NULL
"-1","TANGRAM","1",253953,"O",140086,"S",NULL,"BAA001","D1465295","2006-12-11 00:00:00","2006-12-12 00:00:00","2007-03-26 00:00:00",NULL,NULL,"SYLMAR","502","100",NULL,"0","C","N","C","N","4 ","A","1  ",NULL,0,0,NULL,0,0,"S","C","S","S","  ","LO10","N","N","N","N",208585,"AGU","S","2006-12-08 00:00:00","D","D","D","M",False,NULL,"12.87",NULL,False,False,False,NULL,False,"$5,571.87","$4,854.66","$16.24",False,False,"$0.00",False,"S",NULL,False,NULL,False,"N","N","N","<Env><Line_Image_Opt>N</Line_Image_Opt><Stds_Image_Opt>N</Stds_Image_Opt><Subsec_Image_Opt>N</Subsec_Image_Opt><Carton_Request>N</Carton_Request><Large_Image_Size>1</Large_Image_Size><Line_Fin_Summ>N</Line_Fin_Summ><Stds_Fin_Summ>N</Stds_Fin_Summ><Subsec_Fin_Summ>N</Subsec_Fin_Summ><Fin_Summ>N</Fin_Summ><Lock_Order>0</Lock_Order><Quick_Turn_Around>0</Quick_Turn_Around><Quote_Type>B</Quote_Type></Env>","TANGRAM-OP_ORDER_HEADER-1-253953-O","2025-05-02 00:06:44.974371",NULL,NULL
"-1","TANGRAM","1",255067,"O",122039,"C",NULL,"FDI010","CREDIT CARD","2004-11-02 00:00:00","2006-01-25 00:00:00","2006-01-25 00:00:00",NULL,NULL,"Credit for Order 99570 / Invoice 243716 ","522","100",NULL,"0","C","O","P","N","4 ","A","2  ","2004-11-05 00:00:00",1,0,NULL,0,0,"S","S","S","S","  ","GV*1","N","N","N","N",177326,"YSM","S",NULL,"D","D","D","D",True,NULL,"0.75",NULL,False,False,False,NULL,False,"$0.00","$0.00","$0.00",False,False,"$0.00",False,"S",NULL,False,NULL,False,"N","N","N","<Env><Line_Image_Opt>N</Line_Image_Opt><Stds_Image_Opt>N</Stds_Image_Opt><Subsec_Image_Opt>N</Subsec_Image_Opt><Carton_Request>N</Carton_Request><Large_Image_Size>1</Large_Image_Size><Line_Fin_Summ>N</Line_Fin_Summ><Stds_Fin_Summ>N</Stds_Fin_Summ><Subsec_Fin_Summ>N</Subsec_Fin_Summ><Fin_Summ>N</Fin_Summ><Lock_Order>0</Lock_Order><Quick_Turn_Around>0</Quick_Turn_Around><Quote_Type>B</Quote_Type></Env>","TANGRAM-OP_ORDER_HEADER-1-255067-O","2025-05-02 00:06:44.974371",NULL,NULL
"-1","TANGRAM","1",255264,"O",122145,"C","196204","BAA001","D611247","2005-08-29 00:00:00","2006-01-26 00:00:00",NULL,NULL,NULL,"Final Cost Adj - Order 114708/Inv 245907","502","100",NULL,"0","M","N","I","N","4 ","A","1  ","2005-10-19 00:00:00",0,1,NULL,0,0,"S","C","S","S","  ","ST10","N","N","N","N",196204,"DSH","S",NULL,"D","D","D","M",True,NULL,"59.53",NULL,False,False,False,NULL,False,"$0.00","$0.00","$0.00",False,False,"$0.00",False,"S",NULL,False,NULL,False,"N","N","N","<Env><Line_Image_Opt>N</Line_Image_Opt><Stds_Image_Opt>N</Stds_Image_Opt><Subsec_Image_Opt>N</Subsec_Image_Opt><Carton_Request>N</Carton_Request><Large_Image_Size>1</Large_Image_Size><Line_Fin_Summ>N</Line_Fin_Summ><Stds_Fin_Summ>N</Stds_Fin_Summ><Subsec_Fin_Summ>N</Subsec_Fin_Summ><Fin_Summ>N</Fin_Summ><Lock_Order>0</Lock_Order><Quick_Turn_Around>0</Quick_Turn_Around><Quote_Type>B</Quote_Type></Env>","TANGRAM-OP_ORDER_HEADER-1-255264-O","2025-05-02 00:06:44.974371",NULL,NULL
"-1","TANGRAM","1",255329,"O",122182,"C","186461","BAA001","D576654","2005-08-04 00:00:00","2006-01-27 00:00:00","2006-01-27 00:00:00",NULL,NULL,"Credit for Order 113616 / Invoice 242364","502","100",NULL,"0","C","N","P","N","4 ","A","1  ",NULL,0,0,NULL,0,0,"S","C","S","S","  ","LO10","N","N","N","N",186461,"YSM","S",NULL,"D","D","D","M",True,NULL,"21.76",NULL,False,False,False,NULL,False,"$0.00","$0.00","$0.00",False,False,"$0.00",False,"S",NULL,False,NULL,False,"N","N","N","<Env><Line_Image_Opt>N</Line_Image_Opt><Stds_Image_Opt>N</Stds_Image_Opt><Subsec_Image_Opt>N</Subsec_Image_Opt><Carton_Request>N</Carton_Request><Large_Image_Size>1</Large_Image_Size><Line_Fin_Summ>N</Line_Fin_Summ><Stds_Fin_Summ>N</Stds_Fin_Summ><Subsec_Fin_Summ>N</Subsec_Fin_Summ><Fin_Summ>N</Fin_Summ><Lock_Order>0</Lock_Order><Quick_Turn_Around>0</Quick_Turn_Around><Quote_Type>B</Quote_Type></Env>","TANGRAM-OP_ORDER_HEADER-1-255329-O","2025-05-02 00:06:44.974371",NULL,NULL
